item,score,user,rank
104,5.0,1,1
1214,5.0,1,2
3421,5.0,1,3
4011,5.0,1,4
1210,4.999999999999999,1,5
1136,4.765718986349668,1,6
1221,4.7592539920557835,1,7
3633,4.743743369619196,1,8
1266,4.742672617118221,1,9
778,4.684001399819271,1,10
109374,3.8750420322141137,2,1
1258,4.249889367413575,4,1
4034,3.66121456112906,4,2
4979,3.505101124599696,4,3
1921,3.4688665963892196,4,4
2329,3.267494223250259,4,5
593,4.25425515017009,5,1
356,3.7535458852401256,5,2
480,3.4969892986517994,5,3
509,2.9937753673271756,5,4
329,2.710291515047842,5,5
153,2.526700589504282,5,6
586,4.802061106610361,6,1
357,4.742203076796233,6,2
648,4.541638354292021,6,3
588,4.535563060539417,6,4
39,4.504938326813883,6,5
587,4.4933277505549585,6,6
585,4.397753307266493,6,7
539,4.390854902123569,6,8
593,4.274546019548894,6,9
48,4.225733126095797,6,10
296,4.292203236523281,7,1
110,4.270946760432925,7,2
8961,4.252977136610068,7,3
541,4.2416052683767775,7,4
364,4.066643040550463,7,5
6377,4.002145313265589,7,6
5218,3.9937719154702225,7,7
1653,3.8730361341457846,7,8
10,3.6979376213409467,7,9
377,3.6457428105802823,7,10
588,4.286930121777572,8,1
161,4.24553423611531,8,2
300,4.015389893357397,8,3
344,3.990838248511835,8,4
349,3.7720837361541446,8,5
595,3.6148546723536352,8,6
288,3.6082756912501743,8,7
165,3.542041250524268,8,8
368,3.529129820509363,8,9
474,3.4723259580148294,8,10
88405,4.126347271310702,10,1
60069,3.7471869732367282,10,2
59784,3.641858995276648,10,3
6539,3.6004782537864006,10,4
50872,3.089983879876756,10,5
4226,2.2335637825580297,10,6
1704,2.085576872573586,10,7
590,4.746751667335836,11,1
1,4.254624444482831,11,2
380,4.013702460140662,11,3
592,4.000362549166775,11,4
434,3.7641488814806725,11,5
500,3.241562253691214,14,1
2,2.013383758908147,14,2
593,4.4782675176654605,15,1
4963,4.282663702602725,15,2
50,4.1355018153802146,15,3
2324,4.080948004917599,15,4
32,3.9867423121380217,15,5
3996,3.7609847248107298,15,6
48516,3.753271545587799,15,7
63082,3.744257696671458,15,8
4995,3.6420875803547657,15,9
1721,3.5047286630547956,15,10
924,4.249862110385564,16,1
2076,4.128055899661734,16,2
31658,4.000883484163927,16,3
903,3.9047376154209688,16,4
1266,3.874277104196333,16,5
904,3.867922780198193,16,6
778,3.8068096037318346,16,7
2329,3.7400662189887632,16,8
6016,3.702656019587584,16,9
1258,3.666805699623267,16,10
593,4.7089954965306395,17,1
1210,4.639863203591928,17,2
26662,4.6324674524417855,17,3
608,4.6207998362171,17,4
1704,4.620550476504903,17,5
2571,4.604947354113466,17,6
778,4.589574704961676,17,7
55820,4.4885022169645135,17,8
32,4.393622404330217,17,9
1214,4.304769708188035,17,10
1258,4.4145703644716505,18,1
912,4.397214588639107,18,2
2858,4.3353042488616875,18,3
58559,4.327564180630599,18,4
116797,4.3005227935793275,18,5
555,4.300092646715671,18,6
1884,4.257001279416395,18,7
55820,4.252468255294814,18,8
4027,4.251533684644128,18,9
1617,4.247511636696736,18,10
1258,4.2424705961149005,19,1
908,4.0460756573222785,19,2
1288,3.996132583431558,19,3
1036,3.813022730142525,19,4
2028,3.756535145279393,19,5
1393,3.6090104688571105,19,6
1387,3.5150018220927923,19,7
920,3.4990802094672016,19,8
21,3.4022927529612232,19,9
1101,3.3827312164342604,19,10
3034,4.396697566142268,20,1
616,4.396237964088089,20,2
1033,4.307757218751701,20,3
4963,4.280373082152616,20,4
661,4.038788965405327,20,5
3717,1.5851016621710323,20,6
2948,4.500000000000001,21,1
1923,4.368004747864226,21,2
2012,4.309452562469907,21,3
1097,4.263813052562255,21,4
56174,4.128336820564066,21,5
6378,3.9220518169667744,21,6
73017,3.8993096855317795,21,7
81845,3.8845891588396717,21,8
68358,3.8744061255312303,21,9
116823,3.86823491445411,21,10
1704,4.251654215556995,22,1
48774,3.410241948173236,22,2
8950,3.2787611653633433,22,3
4963,3.2536184934070542,22,4
8360,3.1336965570949897,22,5
50872,3.13324771647043,22,6
8961,3.010277045672349,22,7
8874,2.962003990674275,22,8
32587,2.960690330728152,22,9
46578,2.2582871236409865,22,10
1219,3.8683768374889795,23,1
1204,3.8157311182905564,23,2
1617,3.7487200880484566,23,3
1213,3.6074295629782442,23,4
111,3.503859139774556,23,5
1201,3.486201312624055,23,6
527,4.258082521345812,24,1
47,4.246379036653545,24,2
58559,4.746397438680093,25,1
231,3.0076639776674465,26,1
410,2.9999317226694675,26,2
329,2.9989724040744834,26,3
161,2.9835267922400313,26,4
253,2.78125053117765,26,5
292,2.602070310321904,26,6
1196,4.46396190669068,27,1
588,4.224394993593656,27,2
733,3.741100529272231,27,3
1688,3.7023968465713186,27,4
2193,3.528411642807365,27,5
2641,3.2291503648665776,27,6
63082,4.205869152392335,28,1
48394,3.7866882567854954,28,2
46976,3.7509290169428677,28,3
1193,3.7367843302951242,28,4
3527,3.6353297662069775,28,5
5418,3.6190907487421637,28,6
1183,3.6186682685777383,28,7
1127,3.6152546171705033,28,8
1213,3.5990323773564175,28,9
163,3.5033700212949093,28,10
541,4.390803520475154,29,1
111,4.367152194483935,29,2
527,4.1997012437800905,29,3
1193,4.144376628311338,29,4
1089,4.12048295511495,29,5
1221,4.055702757858734,29,6
608,3.9965432557799874,29,7
1291,4.22739555155738,31,1
2791,3.5161026828313124,31,2
318,4.758990087066846,32,1
224,4.254706028000573,32,2
17,4.0,32,3
112,3.239932795518037,32,4
47,5.000000000000001,33,1
527,4.782873784863018,33,2
224,4.493060755147847,33,3
356,4.265603483931983,33,4
3793,5.0,34,1
7361,4.4034958960406,34,2
1704,3.5035470519019114,34,3
5669,3.46578794529274,34,4
7143,3.292122784813059,34,5
480,3.116817431822029,34,6
527,4.487884528107433,37,1
253,3.74642412076809,37,2
185,3.724577586162545,37,3
434,3.596557379303167,37,4
161,3.5247121471372056,37,5
589,4.216406897186885,38,1
224,4.017573176753632,38,2
296,3.9836528743910042,38,3
47,3.97318849540021,38,4
553,3.7528671309477195,38,5
474,3.5994362570490703,38,6
185,3.5877993001368043,38,7
349,3.5114823460638154,38,8
10,3.4933267106355457,38,9
508,3.3890284822329373,38,10
2028,4.759225986629902,39,1
1240,4.747010356162108,39,2
1265,4.588059566639774,39,3
50,4.517809744254097,39,4
1221,4.439483590361644,39,5
1266,4.23008821534809,39,6
1208,4.037489372193533,39,7
1203,3.7379955354219563,39,8
3034,3.254212414111675,39,9
2087,3.0000000000000004,39,10
282,4.061497127262284,40,1
474,3.9656100167594492,40,2
553,3.7551224026158323,40,3
520,3.751254864648513,40,4
185,3.5880736174765206,40,5
420,3.49290097074168,40,6
161,3.395874175434415,40,7
252,3.304493868296979,40,8
253,3.2450390242658664,40,9
592,3.2295089761890248,40,10
7361,4.502617100501985,41,1
6711,4.248189246561401,41,2
33794,3.9790092363960183,41,3
5669,3.8743979476368207,41,4
4995,3.8021094679017517,41,5
1246,3.7605673006489213,41,6
223,3.7576918058448427,41,7
2997,3.7536927203426917,41,8
1625,3.736337775030757,41,9
112556,3.7046711356609725,41,10
1193,5.0,42,1
1208,5.0,42,2
608,4.999999999999999,42,3
2858,4.590045802590305,42,4
1206,4.534564037062121,42,5
1639,4.506180282824668,42,6
778,4.505231184971325,42,7
293,4.500593355590149,42,8
593,4.414839749198404,42,9
2762,4.267533266098742,42,10
531,5.0,43,1
357,4.837202466978934,43,2
455,4.729257874353188,43,3
196,4.512962244224094,43,4
39,4.505093309386756,43,5
586,4.416684717258442,43,6
32,4.383658482983317,43,7
367,4.344796473792221,43,8
349,4.314131445638909,43,9
736,4.260803214098376,43,10
376,3.504130714034179,44,1
733,3.46496204729889,44,2
788,3.013035541337424,44,3
6378,5.0,45,1
7147,4.999999999999999,45,2
4995,4.808134329319328,45,3
318,4.8041441795703825,45,4
47,4.796144456158419,45,5
527,4.795671348249869,45,6
1193,4.79394158456723,45,7
5952,4.772686146473728,45,8
608,4.758466544446331,45,9
1704,4.754760202453904,45,10
150,5.0,46,1
317,4.509324991897507,46,2
208,4.417353022216787,46,3
329,4.212570398127421,46,4
231,4.1817521264301964,46,5
316,4.023258451992404,46,6
1704,3.3633798734244507,47,1
357,3.216775578531638,47,2
2076,4.0,50,1
1748,3.886817587867266,50,2
778,3.617134482673597,50,3
527,3.4975769525206273,50,4
1080,3.4016191842970787,50,5
919,3.387636664657723,50,6
7361,3.247938203850119,50,7
4848,3.247889061575567,50,8
44191,3.0113536045306097,50,9
48774,2.999423816025457,50,10
46976,4.514072455297856,51,1
1923,4.130734768703478,51,2
1240,4.129721976490702,51,3
2628,3.971126095127946,51,4
19,3.9384541872990644,51,5
111759,4.999999999999999,52,1
32587,4.754915548844299,52,2
33794,4.748966170611249,52,3
53322,4.63237844969912,52,4
59315,4.612453143552611,52,5
4878,4.487549525253804,52,6
4226,4.3719974777474535,52,7
3949,4.265310482520963,52,8
527,3.6114795764074508,54,1
293,3.2387664339101834,54,2
10,3.0,54,3
300,2.9999999999999996,54,4
588,4.811674992262962,56,1
2,4.527073591452468,56,2
527,4.492730623066179,56,3
150,4.402252879871057,56,4
293,4.264791431350304,56,5
377,4.258071902240065,56,6
590,4.202430433247731,56,7
32,4.0216015633502895,56,8
165,4.001641036044334,56,9
410,3.9984720295934975,56,10
1203,4.753746610003161,57,1
1247,4.736821093646908,57,2
111,4.5855802458662955,57,3
1252,4.5160813695325945,57,4
1089,4.493534147858307,57,5
3362,4.487071591403238,57,6
1265,4.486710955225828,57,7
1259,4.4837754676344215,57,8
594,4.384746224508072,57,9
318,4.354397202014145,57,10
593,4.837108794044695,58,1
11,4.3447150444835305,58,2
236,4.205605215349552,58,3
10,3.997979490402473,58,4
585,3.9977048506219304,58,5
34,3.9947075364206213,58,6
586,3.976941385905185,58,7
377,3.831575142067383,58,8
235,3.7675608751528484,58,9
273,3.764534521386364,58,10
1204,5.0,59,1
1089,4.758347597075855,59,2
1266,4.7555045041188,59,3
2762,3.208625564178032,59,4
1221,4.363160923317698,61,1
608,4.255420803971455,61,2
1732,4.2541219262082794,61,3
4226,4.874865416504776,62,1
608,4.872756966184328,62,2
70,4.861047688170944,62,3
48774,4.830492948262601,62,4
1213,4.816720171280071,62,5
8874,4.763957604501285,62,6
6016,4.74988938971929,62,7
7153,4.722283015780804,62,8
58559,4.601786773904085,62,9
50,4.590252337718256,62,10
1079,4.999999999999999,63,1
2011,4.500533469773339,63,2
1197,4.498800578741843,63,3
1198,4.4330056418127555,63,4
1101,4.370298173878319,63,5
593,4.32850720535936,63,6
1704,4.270353115369585,63,7
6016,4.248236353842235,63,8
4973,4.022939673243767,63,9
2628,4.0046071835107035,63,10
1233,4.520389352344962,64,1
2890,4.498190770431855,64,2
1213,4.418419920187838,64,3
923,4.402934363151722,64,4
296,4.27435526131634,64,5
441,4.260615171402672,64,6
150,4.251070651211047,64,7
1777,4.2490375682640815,64,8
1732,4.125702027491726,64,9
1954,4.119142707009424,64,10
48516,4.499999999999999,65,1
4878,4.873526481476355,66,1
4973,4.8643953487684835,66,2
4011,4.750242381948323,66,3
2329,4.7401626418589125,66,4
3949,4.706979543621191,66,5
4995,4.5097383842692444,66,6
288,4.503399197625572,66,7
527,4.5011887134818895,66,8
778,4.389804944282734,66,9
2692,4.37975933306392,66,10
8360,4.11343447560479,67,1
8961,3.5222973528679367,67,2
4226,3.261740155315693,67,3
3578,3.230877670269566,67,4
8368,4.830811233433217,68,1
1196,4.540170151775745,68,2
111362,4.5,68,3
51662,4.481017811316643,68,4
8961,4.4222140360312086,68,5
30793,4.312982498455381,68,6
1210,4.308774013765623,68,7
7147,4.297096721104089,68,8
96610,4.254135161366532,68,9
134130,4.2201613348136435,68,10
527,4.999999999999999,69,1
1210,4.6213034303900695,72,1
1213,4.5,72,2
318,4.4861550501301615,72,3
480,4.203302272452154,72,4
10,3.997139845061407,72,5
88140,4.796066637649185,73,1
141718,4.692023218392753,73,2
8874,4.620938657007695,73,3
5349,4.6003076286975215,73,4
57669,4.505053560604321,73,5
91658,4.252360384182988,73,6
59315,4.241629408464196,73,7
91529,4.082289633912215,73,8
64614,4.026705441849928,73,9
81845,3.865756571159739,73,10
1213,5.0,74,1
6539,4.246525661976213,75,1
1210,3.8767674344724936,75,2
1101,3.8749326746671158,75,3
1580,3.662956579390888,75,4
1127,2.365178431906074,75,5
1193,4.639894806848731,76,1
1206,4.25116240029086,76,2
50,4.23635335958993,76,3
2329,4.178900311365359,76,4
1625,4.131880330520883,76,5
1197,4.005165725811962,76,6
4262,3.8815542556832514,76,7
293,3.8084597301379817,76,8
68157,3.7632088302841216,76,9
7361,3.7468703664419745,76,10
4226,4.247345434642345,77,1
8665,3.777025555582123,77,2
5445,3.6438474544142894,77,3
4963,3.3048724635298075,77,4
1210,4.216667228581829,78,1
1196,4.10284881929265,78,2
527,3.6398883372831463,78,3
1198,4.7759578778004,79,1
1210,4.633754848578672,79,2
1214,4.483075589943025,79,3
2762,4.399149736404128,79,4
54286,4.8088868941026615,80,1
7361,4.802391604550446,80,2
6378,4.76270642327341,80,3
3949,4.751169747408619,80,4
4963,4.509372231301258,80,5
8874,4.401691760216105,80,6
63082,4.398800909244137,80,7
32587,4.393607962242367,80,8
4370,4.301844996435838,80,9
102445,4.244350422358196,80,10
329,3.2283803367696984,81,1
590,2.999073800712872,81,2
593,2.98910855934599,81,3
500,2.7495128302447376,81,4
434,2.743978785357625,81,5
34,2.468700760441752,81,6
588,2.2014925118786364,81,7
377,4.11907309372102,82,1
150,4.098374314495248,82,2
1198,4.077417507150703,82,3
457,3.995675798335175,82,4
32,3.900719368885804,82,5
736,3.8920996687627225,82,6
2762,3.876163262083435,82,7
3301,3.864226712973178,82,8
353,3.8579512858043272,82,9
2706,3.7557084735102455,82,10
60069,4.7404699223175495,83,1
1704,4.304680636291917,83,2
2324,4.214463157614795,83,3
588,3.6087605165210888,83,4
7361,2.6105875582780085,83,5
33794,2.4905620365451124,83,6
5669,2.0132233904794465,83,7
1617,4.591284577646738,84,1
47,4.492758073307091,84,2
111,4.420339653353817,84,3
1233,4.263819820078786,84,4
923,4.251579197802569,84,5
110,4.17339874888731,84,6
1961,4.002940795961245,84,7
337,4.0,84,8
497,4.0,84,9
1197,4.0,84,10
4973,4.383874280450783,86,1
4995,4.24325402539633,86,2
8360,4.125551429967845,86,3
7153,4.086872124803468,86,4
1704,4.002590166903357,86,5
3114,4.0,86,6
364,3.7605971170612307,86,7
150,3.7507629400407962,86,8
3578,4.751426390507453,88,1
4011,4.627538274944842,88,2
33794,4.623899421133182,88,3
8874,4.5,88,4
6378,4.382763099077297,88,5
7361,4.374269693845707,88,6
3114,3.480128117030306,89,1
104211,3.271353869251664,89,2
1284,3.0242627120064305,89,3
1148,2.6865568152683603,89,4
63131,2.5019464455215896,89,5
136598,2.4958142082427504,89,6
4027,2.4919679734378417,89,7
5377,2.370973709562278,89,8
3617,2.2579678810961883,89,9
1259,2.094841210496774,89,10
8360,4.623000255235678,91,1
1997,4.616141052215526,91,2
6377,4.614682122634941,91,3
1625,4.504439851766262,91,4
2858,4.423517189671855,91,5
589,4.419527438337472,91,6
4226,4.403054054464347,91,7
3751,4.398783872218803,91,8
3527,4.3451792132291835,91,9
2329,4.25061583654476,91,10
592,4.7470559969418815,93,1
364,4.732561354546857,93,2
527,3.7725072976324707,94,1
300,3.745860051428837,94,2
293,3.7091835712095764,94,3
595,3.5408160945374028,94,4
588,3.430397263589127,94,5
349,3.406964849425708,94,6
454,3.2516519430020305,94,7
368,3.246741338812491,94,8
339,3.212605038929458,94,9
597,3.1883055764724233,94,10
2762,5.000000000000001,95,1
1266,4.895897996589275,95,2
1101,4.745759256499501,95,3
1573,4.625359914501067,95,4
2916,4.616542389374021,95,5
2628,4.61651358105077,95,6
1580,4.508179022500082,95,7
1127,4.490243968040781,95,8
1653,4.181478445099163,95,9
47,5.0,96,1
318,4.761945164546263,96,2
1196,4.620588785756981,96,3
858,4.461248032519247,96,4
1101,4.39635098598359,96,5
32,3.9920447944443995,96,6
1580,3.985336359973138,96,7
736,3.677686747667346,96,8
122926,4.260307367097571,98,1
111,4.247357567596837,98,2
434,4.489377086761945,99,1
315,3.2236092076179323,99,2
500,4.12809993263547,100,1
3147,4.123971128158618,100,2
1307,3.996517257051702,100,3
1641,3.988912217282376,100,4
2700,3.8801136346003133,100,5
527,4.488909007429088,102,1
32,4.276054367627261,102,2
110,4.175957400702761,102,3
150,3.803561207933523,102,4
597,3.7833729457595786,102,5
595,3.7789611126202804,102,6
2,3.7660267301686527,102,7
34,3.7531159728640295,102,8
231,3.529609522711411,102,9
367,3.5042681848010266,102,10
4979,5.0,103,1
2692,4.802625570066677,103,2
1246,4.7599682705205195,103,3
223,4.753690491717518,103,4
2858,4.750664884775241,103,5
431,4.733224026315621,103,6
3949,4.703769173709132,103,7
2005,4.631663504373377,103,8
48516,4.624753745668176,103,9
1201,4.599963523057399,103,10
69844,4.224748561166732,104,1
1079,4.130448275168336,104,2
5816,4.042215334841761,104,3
45517,4.005420953598772,104,4
1028,3.9806380633032097,104,5
7147,3.7441180692278935,104,6
45722,3.7012382050651027,104,7
1721,3.6245167443587745,104,8
7153,3.4868641677127052,104,9
59784,3.3672230183419605,104,10
608,4.920518985842636,105,1
1732,4.756865123643958,105,2
1206,4.590223455511331,105,3
34405,4.378321215439265,105,4
1252,4.373339245365931,105,5
4239,4.366803504102673,105,6
8784,4.354206161372402,105,7
48516,4.336542449115885,105,8
134853,4.248845976730329,105,9
1204,4.248298329631089,105,10
356,4.488311932560943,107,1
339,4.256664772411718,107,2
454,4.0,107,3
225,3.773110297702644,107,4
5991,4.2739117185370095,108,1
293,3.9883608121320564,109,1
25,3.8491296159510027,109,2
597,3.3669268299313653,109,3
10,3.195403546139467,109,4
368,3.1952989555653897,109,5
316,3.1936124422355747,109,6
586,3.0000000000000004,109,7
595,3.0000000000000004,109,8
648,3.0000000000000004,109,9
2,3.0,109,10
2324,4.305651369398271,110,1
1206,4.234520459916488,110,2
858,4.000638757826447,110,3
80549,4.2284069346112165,111,1
56367,4.096469702213984,111,2
64614,4.026397699649262,111,3
7361,4.000134686843529,111,4
6942,3.994081461869559,111,5
46578,3.8807768432368968,111,6
357,3.877940427691912,111,7
8641,3.7917012640931698,111,8
141718,3.7389407095696217,111,9
2502,3.7231151097249553,111,10
99114,4.744368408986518,112,1
60069,4.477035516069588,112,2
134853,3.1232100092059127,114,1
1210,4.549805835177364,115,1
589,4.515704814422456,115,2
367,3.765278380194383,115,3
1917,3.7301643506872444,115,4
316,3.459428193375391,115,5
150,3.2154471487704868,115,6
300,4.013985127856623,116,1
357,4.006717053161232,116,2
1,3.75466985729422,116,3
587,3.717968546080649,116,4
2717,3.6316767295187216,116,5
110,3.05325847765243,116,6
1517,2.2270741454719567,116,7
356,4.341810721554631,117,1
368,3.798290418703006,117,2
208,3.6779769242730573,117,3
337,3.6379111483418125,117,4
588,3.631887484313937,117,5
31,3.513071240591528,117,6
32,3.504482455358185,117,7
316,3.413293649513759,117,8
196,3.254944488575853,117,9
153,3.1759564159716103,117,10
81591,4.643653665232735,119,1
8665,4.481767088780158,119,2
46976,4.386161221072153,119,3
48780,4.368026772586482,119,4
4022,4.307691410288054,119,5
5445,4.249421327122331,119,6
152081,4.247821795423061,119,7
3114,4.221857545825481,119,8
1721,4.1265965115952055,119,9
109487,4.12208935968919,119,10
593,3.833921960597967,121,1
589,3.495666600730172,121,2
480,3.4061302452744737,121,3
21,3.263558034118573,121,4
350,3.249320481379364,121,5
588,3.238796408237508,121,6
590,3.1940532841465132,121,7
153,3.0000000000000004,121,8
165,3.0000000000000004,121,9
185,3.0,121,10
55820,5.000000000000001,122,1
223,5.0,122,2
1221,5.0,122,3
1266,5.0,122,4
1466,5.0,122,5
1704,5.0,122,6
2028,5.0,122,7
1240,4.999999999999999,122,8
2858,4.999999999999999,122,9
50,4.918134538859214,122,10
111362,4.12891100573755,123,1
77561,4.0,123,2
4973,3.888153594579253,123,3
3578,3.8666808577696226,123,4
47,4.261630490846455,124,1
2329,4.633920433532835,125,1
2762,4.522328564946381,125,2
4262,4.5,125,3
1704,4.495858894656937,125,4
296,4.25115278431848,125,5
122886,4.250950166863434,125,6
32587,4.118365078867087,125,7
46976,4.096065247094905,125,8
4878,4.025235104252316,125,9
48780,3.994904409322748,125,10
368,4.758515535405574,126,1
597,4.490519378849424,126,2
2,4.270232117860634,126,3
586,4.245803561510208,126,4
150,4.167561342244235,126,5
161,3.9834928187066776,126,6
595,3.803817060184912,126,7
344,3.756833917294242,126,8
357,3.749507982491639,126,9
225,3.7394976329002105,126,10
48774,4.376757019637311,129,1
5971,4.371842131075145,129,2
3578,4.252678252983878,129,3
5349,4.19917120502062,129,4
48394,4.183715697674854,129,5
8636,4.142377834108817,129,6
7143,4.123928728564034,129,7
2291,4.012570649762352,129,8
6934,4.00754536617571,129,9
45722,4.003950692148967,129,10
160,3.7166597357638964,130,1
454,3.4239940513460043,130,2
380,2.9980613637829996,130,3
1193,3.840766042436773,131,1
1203,3.7570747779120683,131,2
4973,3.6113639532234267,131,3
527,3.5980672652997407,131,4
2959,3.5899813863846712,131,5
1214,3.490976828726597,131,6
2762,2.8824714416252197,131,7
527,4.009716391650684,132,1
3578,4.008448677286138,132,2
296,3.998960607294836,132,3
1704,3.809260837778364,132,4
6016,3.749727286802035,132,5
8784,3.632865837377397,132,6
6874,3.632321994079507,132,7
223,3.61729289660723,132,8
1193,3.5956236623289017,132,9
1569,3.504259299609445,132,10
318,3.4054360171517044,133,1
364,3.231618062277352,133,2
380,3.0139198539592638,133,3
10,3.0,133,4
39,3.7699999107437128,134,1
292,3.7485854299022088,134,2
185,3.724355086961386,134,3
196,3.628062751852787,134,4
225,3.6224030748799887,134,5
410,3.5040017830044907,134,6
329,3.383460821212137,134,7
158,2.9999999999999996,134,8
2329,4.5971577690470555,135,1
356,4.516741429402465,135,2
293,4.503557865260486,135,3
3703,4.501481716009095,135,4
1997,4.500577079865124,135,5
2918,4.4870696794819445,135,6
50,4.403744080302752,135,7
608,4.24153345555367,135,8
1210,4.224933621444203,135,9
1101,4.201171651889539,135,10
474,5.0,136,1
236,4.759178453640232,136,2
257,3.7444695411581135,136,3
48,3.5500916030321026,136,4
186,3.2025733092573025,136,5
588,3.1029402459387425,136,6
288,3.0643627318045636,136,7
520,2.975483660988894,136,8
196,2.808889404526035,136,9
153,2.6852079660783494,136,10
6539,4.625249586359321,137,1
2076,4.622368435524621,137,2
1263,4.60968397633092,137,3
1617,4.590794852580302,137,4
1276,4.494120568236484,137,5
1213,4.420039797262209,137,6
1266,4.247890858832633,137,7
1265,4.1127466618818405,137,8
4226,4.108963231902118,137,9
2762,3.8807684400063818,137,10
6377,3.0071583308918144,139,1
8360,2.9924101406711983,139,2
60069,2.9773476098270457,139,3
40815,2.9140772260964276,139,4
4896,2.9052808181318435,139,5
50872,2.901242636934825,139,6
88125,2.8949128255916996,139,7
71535,2.880419212155642,139,8
8636,2.8768929908950756,139,9
5349,2.7836950084645453,139,10
2324,4.354376527213096,140,1
6145,4.324734702951538,140,2
1242,4.273569112749651,140,3
357,4.244538138527051,140,4
586,4.1979388933896375,140,5
300,4.012707442404774,140,6
10,4.0,140,7
32,4.0,140,8
367,4.0,140,9
3977,3.8728481734499685,140,10
4878,4.229195194506891,141,1
3996,4.010946027983121,141,2
33794,3.9967234769559346,141,3
6942,3.870338889016244,141,4
48394,3.7644270111400457,141,5
1721,3.74849844676798,141,6
4995,3.726204521780046,141,7
5816,3.703978128782502,141,8
1625,3.6211573779758526,141,9
595,3.5476040359766374,141,10
318,4.783361987171685,142,1
110,3.9716302545016675,142,2
185,3.7899598758282487,142,3
32,3.768447589478718,142,4
500,3.747900010343537,142,5
454,3.7313439546185174,142,6
329,3.511827098953669,142,7
316,3.5084424766988778,142,8
266,3.4960392422579982,142,9
153,3.395819187611021,142,10
1721,4.3826359617367485,144,1
2571,4.117348054775936,144,2
6,3.8801921628532625,144,3
2324,3.847736075870103,144,4
508,3.6324145313688843,144,5
367,3.5213727371852848,144,6
500,3.508491673742277,144,7
253,3.3776081190092637,144,8
165,3.2489471192529282,144,9
316,3.120687345028654,144,10
185,3.3883108086564055,145,1
349,3.260518740969894,145,2
153,2.7397503236610876,145,3
40815,4.0,148,1
6539,3.0000000000000004,148,2
2916,3.2697186693103197,149,1
1376,1.8160382392622956,149,2
736,3.7566067357153896,150,1
14,3.756039194898903,150,2
832,3.498621754138591,150,3
653,3.505004876634508,151,1
296,4.371038443768048,152,1
858,4.108597588895174,152,2
7361,3.4827275256172157,153,1
1704,2.974507336370962,153,2
3114,1.7967143721018655,153,3
2953,1.3600767963915452,153,4
2762,1.1339598240700561,153,5
102125,4.61739564278151,154,1
111,4.742099357215822,156,1
541,4.623847218911674,156,2
903,4.511627855417175,156,3
1203,4.506290809488064,156,4
1927,4.502043968399248,156,5
1230,4.3265913908389955,156,6
4034,4.299094848989745,156,7
1269,4.283171553489346,156,8
1201,4.2550061892318,156,9
1266,4.250468048339468,156,10
500,3.5991756506355372,159,1
2724,3.5947091892674594,159,2
7147,3.256398549879088,159,3
19,4.753496585579742,160,1
223,4.7523081578326485,160,2
2028,4.726723465724292,160,3
29,4.706075974857126,160,4
1193,4.622602035081893,160,5
1089,4.589318888954851,160,6
1210,4.528300908152831,160,7
750,4.4054900827625065,160,8
1198,4.2886138090677015,160,9
1617,4.254463297349543,160,10
593,4.445235712124034,162,1
337,4.008805252220506,162,2
1214,4.754664901993652,164,1
589,4.519980969369855,164,2
260,4.4643181787985835,164,3
1370,4.269924518002136,164,4
1127,4.256197292713596,164,5
733,4.024148462164523,164,6
260,4.175158825707644,165,1
6016,4.626802288455196,166,1
38061,4.622135894103001,166,2
1961,4.510274073998931,166,3
1193,4.4990072775390715,166,4
7147,4.3972312968105625,166,5
1213,4.392570437021755,166,6
1270,4.384474567819367,166,7
778,4.365823912779452,166,8
5669,4.361056965926168,166,9
4226,4.32942801777901,166,10
7438,4.5,167,1
4306,4.316509574741066,167,2
2571,4.298678164034522,167,3
5816,4.27696277860147,167,4
1197,4.130441122846028,167,5
7147,4.125612607731715,167,6
1270,3.8864348307883674,167,7
1682,3.8803945235859323,167,8
1214,3.4299077165326617,167,9
527,3.424769359977577,167,10
50,4.865902266699064,168,1
904,4.6660862609326905,168,2
8961,4.877606098102685,169,1
2700,4.764323546597986,169,2
593,4.631893260425367,169,3
3578,4.623072936326857,169,4
1088,4.616653312697937,169,5
2324,4.6082243655753725,169,6
1704,4.598980130799894,169,7
34,4.503314995278734,169,8
6942,4.478676813576052,169,9
3751,4.371925068829847,169,10
357,4.163639711067185,170,1
11,3.7581074116414586,170,2
440,3.7519206336122535,170,3
151,3.751178522990948,170,4
593,3.470010764914531,170,5
300,3.413123660575825,170,6
39,3.402888423313759,170,7
349,3.2580582545828483,170,8
225,3.2577278307096194,170,9
2,3.253373505235863,170,10
50,5.000000000000001,171,1
293,5.0,171,2
1213,4.999999999999999,171,3
1221,4.784101397130964,171,4
552,4.257596136184029,174,1
266,4.254188494010429,174,2
253,4.246699682867633,174,3
480,4.240547252189339,174,4
151,4.2056007302767755,174,5
357,4.014109538280049,174,6
21,4.004203988968562,174,7
110,3.989466825591474,174,8
497,3.9763523633819613,174,9
377,3.7570534865753156,174,10
293,4.489172055688309,176,1
110,4.259006120195287,176,2
480,4.2535171576162805,176,3
300,4.241925377946104,176,4
32,4.01203805701479,176,5
185,3.998993549450612,176,6
225,3.7854519978191408,176,7
253,3.0070514718307284,176,8
293,4.62141076530347,177,1
1617,4.594421910029972,177,2
111,4.584234042450169,177,3
1246,4.526275853182291,177,4
912,4.325571125103424,177,5
1259,4.237902919199154,177,6
74458,4.225422565042791,177,7
587,4.152591783761761,177,8
2329,4.12036057488334,177,9
8950,4.106743499967286,177,10
2324,4.887419749007791,178,1
2762,4.749277134324105,178,2
858,4.713810179674708,178,3
300,4.6209626889730515,178,4
318,4.499999999999999,178,5
1625,4.499999999999999,178,6
296,4.406958840622401,178,7
4878,4.378821118947439,178,8
185,4.370477330537737,178,9
3578,4.36978428088606,178,10
527,4.512115471892567,179,1
357,4.502811782488088,179,2
293,4.479794596493851,179,3
339,4.248593070912126,179,4
595,4.225722150298029,179,5
160,4.22363791856766,179,6
377,4.157785228701222,179,7
588,3.9994602561765165,179,8
10,3.808477169414406,179,9
329,3.6609555070715722,179,10
2571,4.249299853778898,180,1
292,4.0,181,1
364,3.97248518717616,181,2
440,3.7984802326921496,181,3
586,3.7299968562215526,181,4
150,3.677867398807776,181,5
300,3.6492738346682145,181,6
589,3.547454615540484,181,7
592,3.521820226518266,181,8
474,3.4001354831422677,181,9
434,3.2502946621966116,181,10
608,4.83898399392848,182,1
1193,4.690648513690783,182,2
924,4.654281071086643,182,3
1266,4.503065440361219,182,4
2908,4.499088215676158,182,5
1203,4.396293582504521,182,6
1094,4.390684230543508,182,7
1259,4.289951448346442,182,8
8874,4.2543772607737385,182,9
2023,4.180276902978009,182,10
150,4.501744730551329,183,1
10,4.261668950754963,183,2
648,4.243402089481562,183,3
48516,4.628966948400492,184,1
99114,4.627172824301731,184,2
116797,4.514521109475095,184,3
168252,4.366283401083282,184,4
111362,4.250285641032837,184,5
106489,4.124329332656641,184,6
77561,4.006889955431366,184,7
102007,3.20129664746552,184,8
1270,4.606335723128788,186,1
39,4.49972806560423,186,2
2393,4.491655961594775,186,3
1036,4.488977787792225,186,4
541,4.404208697425064,186,5
648,4.375836871293406,186,6
1200,4.318885851699153,186,7
1876,4.253060428059043,186,8
3081,4.251163080496842,186,9
2028,4.224789724465483,186,10
7099,4.404535818899421,187,1
6731,4.377531968152235,187,2
1266,4.2500651941068535,187,3
39183,4.244681555538597,187,4
8784,4.128846250411567,187,5
4973,4.116125719549216,187,6
6539,3.998128671713838,187,7
4239,3.9974317962303174,187,8
3174,3.9960474931818237,187,9
293,3.889054492749645,187,10
318,4.120379058108612,189,1
4226,4.0,189,2
7153,3.8968666724668957,189,3
54001,4.999999999999999,190,1
3949,4.083511510446008,190,2
4226,4.008110631521549,190,3
4262,3.634075954429222,190,4
4886,3.4948416119294015,190,5
356,3.549789480741235,191,1
266,3.2359331850643662,191,2
590,2.4959596685588226,191,3
434,1.7686076356594411,191,4
208,4.596534641749606,192,1
161,4.410876149294184,192,2
356,3.9963521932555066,192,3
1203,4.87573063351768,193,1
593,3.6320657799777125,193,2
2571,3.394691304205005,193,3
50,5.0,195,1
1617,4.512442370082389,195,2
293,4.510378552074817,195,3
858,4.298899931876785,195,4
1206,4.25915665341838,195,5
1246,4.2322423918941725,195,6
2324,4.0237002986325505,195,7
3147,3.9935471325907232,195,8
2959,3.9711877528232153,195,9
3481,3.8246594909511185,195,10
527,3.6128706096430845,197,1
527,4.8016617793923055,198,1
293,4.614151356426612,198,2
6016,4.499408569884853,198,3
778,4.338325842689969,198,4
1266,4.222992104345355,198,5
1193,4.219949237499713,198,6
858,4.138111698527075,198,7
2011,4.07904615076378,198,8
509,4.053313487558612,198,9
1208,4.022026614736626,198,10
2019,4.626019024263074,199,1
924,4.604052723639596,199,2
1220,4.498741691883753,199,3
1258,4.2498365007108925,199,4
1193,4.1934536944270295,199,5
1221,4.145318574724087,199,6
2324,4.039497266309477,199,7
1288,4.0237445501597255,199,8
1222,4.023006065791793,199,9
1247,4.00582824389216,199,10
44191,4.807725122898495,200,1
7361,4.7504432465853625,200,2
48394,4.748170349043002,200,3
293,4.735480229371594,200,4
1625,4.593412068855299,200,5
50,4.519815337419806,200,6
593,4.51969012459369,200,7
4018,4.499054403634264,200,8
1210,4.397222672517758,200,9
2762,4.383034407824493,200,10
1101,5.000000000000001,201,1
1036,4.999999999999999,201,2
110,4.81114678721858,201,3
648,4.766346178402001,201,4
1200,4.761878742558575,201,5
2700,4.602357924645936,201,6
2144,4.494577835980075,201,7
1584,4.246221095212953,201,8
457,4.2447163485640536,201,9
2174,4.233509266251566,201,10
1250,4.752766304509828,202,1
904,4.743027378874375,202,2
1197,4.606286067006546,202,3
1704,4.599010110380874,202,4
47,4.588874576909557,202,5
2791,4.507754650956079,202,6
541,4.504156603344543,202,7
527,4.492730623066179,202,8
1258,4.488450363778493,202,9
608,4.394712460635457,202,10
74458,4.880702613326293,204,1
4226,4.635053621848356,204,2
7438,4.621139276705922,204,3
50,4.503399216129414,204,4
318,4.499999999999999,204,5
1213,4.478264895254804,204,6
608,4.401955190431403,204,7
6016,4.395839045798995,204,8
4226,4.8663223556415005,209,1
260,4.292444070614486,209,2
68954,4.762771482109981,210,1
112852,4.5,210,2
59784,4.492182476969143,210,3
527,4.416889309410557,211,1
1291,4.383085182992276,211,2
1197,4.367540876422679,211,3
78499,4.235690693212271,211,4
96079,3.898836187695511,211,5
54286,3.8466085892177775,211,6
5971,4.0,212,1
7099,4.0,212,2
115569,3.9012851868747336,212,3
4878,3.897922513888568,212,4
115713,3.89306859162596,212,5
38061,3.875484416621083,212,6
74458,3.862606080882414,212,7
1036,3.7555111061038873,212,8
106782,3.7497964260819674,212,9
1625,3.74575868705221,212,10
2716,3.8655179372090305,213,1
1221,4.335281158477058,215,1
527,4.158742674472602,215,2
2571,4.007934856024354,215,3
6016,3.899825304648495,215,4
3949,3.7613907233975166,215,5
1266,3.7353701722485484,215,6
1214,3.3519695624028403,215,7
5060,4.00115122847759,216,1
596,4.0,216,2
1234,3.7475242880210735,216,3
2396,3.7274734209010774,216,4
1921,3.2894311367953657,216,5
1784,3.266140023413192,216,6
2502,3.2644090190258765,216,7
1393,3.2558911265205506,216,8
4979,3.249400135192626,216,9
3210,3.2191936155977423,216,10
2628,4.6072382918598604,217,1
2355,4.05868647320383,217,2
1197,3.9577492455854015,217,3
1372,3.890275905202401,217,4
780,3.8448996316314528,217,5
1240,3.825534127891852,217,6
1517,3.7404781174107176,217,7
832,3.7233281069860293,217,8
1097,3.683715552457072,217,9
2797,3.608317770376737,217,10
527,4.607553483677532,219,1
4973,4.516018190120835,219,2
1214,4.253210293786655,219,3
1193,4.249720793319722,219,4
46578,4.208170204465469,219,5
110,4.123244419033273,219,6
778,4.108302792048311,219,7
4034,4.054725328039995,219,8
8376,4.014199919717129,219,9
589,4.000156168809394,219,10
527,5.000000000000001,220,1
110,5.0,220,2
2028,4.901975177101078,220,3
1682,4.868154748190722,220,4
5349,4.859479573064811,220,5
4993,4.7637649194997636,220,6
1625,4.757056998744898,220,7
1221,4.712359952861852,220,8
2858,4.7049772722264604,220,9
778,4.680643151892284,220,10
924,4.884022576335269,221,1
1228,4.873239892492353,221,2
903,4.785464661975724,221,3
1252,4.741705430409834,221,4
1206,4.734520459916488,221,5
2076,4.612001847700028,221,6
1221,4.602975980894873,221,7
293,4.50845439770695,221,8
50,4.5027789041115245,221,9
2788,4.499009584189694,221,10
55820,4.1353683331636555,222,1
1193,4.124551340636846,222,2
608,3.992938956407656,222,3
1884,3.986277591919114,222,4
4995,3.905922592591728,222,5
2959,3.8793802032120253,222,6
4226,3.87763630458415,222,7
33794,3.8761005788668172,222,8
2858,3.797238335759714,222,9
51662,3.762936997612768,222,10
4886,3.9856180248718633,223,1
1682,3.6293985496528305,223,2
4022,3.6274407503551833,223,3
293,3.599589033872489,223,4
5989,3.5994325033615597,223,5
1625,3.5086041351908377,223,6
6333,3.4980125589440014,223,7
44191,3.496405758772921,223,8
5378,3.406421862367581,223,9
48774,3.374399994718992,223,10
1278,4.752014842177861,224,1
2918,3.995634197551058,225,1
1997,3.7082673219909528,225,2
1288,3.5059089830939945,225,3
1197,4.610229371143451,226,1
1288,4.388690746926008,226,2
2791,4.376620805335075,226,3
2571,4.308188395128163,226,4
4571,4.2872863454470655,226,5
1200,4.253206902178764,226,6
2194,4.242047905207317,226,7
288,4.220850544971599,226,8
110,4.190898951580928,226,9
2762,4.13032734361895,226,10
293,4.271092786625279,227,1
99114,4.126099850745078,227,2
110,4.361230276627137,229,1
32,4.267995021144437,229,2
457,3.823560736080071,229,3
588,3.612890639687693,229,4
539,3.5741101752697375,229,5
780,3.5271800841140277,229,6
552,3.510697354192659,229,7
161,3.504280773357699,229,8
11,3.4875782178444465,229,9
231,3.4723021453221556,229,10
6373,4.247166512164587,230,1
4993,3.7878344349901045,230,2
7143,3.7525281720199937,230,3
4886,3.6515628635355544,230,4
4306,3.6082845851403125,230,5
5989,3.4784346804532955,230,6
3994,3.38892594505066,230,7
3175,3.1294790755434985,230,8
316,3.1213979675739676,230,9
2167,2.907970899701517,230,10
1214,4.1539827316179,231,1
2762,4.142113236811427,231,2
1210,4.056260816027828,231,3
318,3.7511269942417473,231,4
2324,4.87961459993591,232,1
50,4.6423105003109955,232,2
593,4.616029919741877,232,3
293,4.6019086156326106,232,4
48780,4.600659581340905,232,5
1704,4.511989583682634,232,6
30707,4.500216649919575,232,7
46976,4.4161910220531215,232,8
2959,4.369764130023789,232,9
4973,4.2635193804051115,232,10
1704,4.199036213499441,233,1
4226,4.1644085956464,233,2
3578,4.100014118410202,233,3
4878,4.002036547216918,233,4
223,4.0,233,5
1213,3.673123897826807,233,6
4886,3.6399070679038696,233,7
8360,3.639018509534571,233,8
5445,3.6280311028432046,233,9
4011,3.6269815720182077,233,10
595,4.999999999999999,234,1
780,4.767084600351411,234,2
316,4.252405926782178,234,3
1240,3.990482720995759,234,4
1036,3.7958217423314884,234,5
1580,3.786902053286945,234,6
520,3.70509468064274,234,7
44,3.1976369444863906,234,8
47,4.493059455734121,235,1
150,4.167273247209205,235,2
2,4.031676495556396,235,3
587,4.0,235,4
497,3.780538483406371,235,5
367,3.698886326120375,235,6
440,3.593624666540907,235,7
316,3.517320087373786,235,8
161,3.3876176209961124,235,9
165,3.342179054538811,235,10
6016,5.0,239,1
1221,4.926245905996226,239,2
778,4.874497749286014,239,3
1732,4.807799701502374,239,4
54286,4.769948579931163,239,5
608,4.761556957527912,239,6
4226,4.755961473440532,239,7
1704,4.755331565801252,239,8
1203,4.750170548057431,239,9
2762,4.68039262252029,239,10
357,4.750797149262331,240,1
586,4.512515605585079,240,2
597,4.399137344744401,240,3
2,4.398210367853493,240,4
231,4.360490698880099,240,5
588,3.971776932680616,240,6
457,3.5992578777294137,240,7
589,3.5158221177254583,240,8
266,3.2448881391655853,240,9
350,3.2388576324905736,240,10
84152,4.020488947736488,241,1
112183,3.8972402182213317,241,2
2324,3.8241665904189106,241,3
288,4.2683912294320985,242,1
165,3.989867710260823,242,2
349,3.8311576543251538,242,3
442,3.479991500780157,242,4
165,4.471241114649158,243,1
480,3.995537442340915,243,2
457,3.736985761420924,243,3
316,3.4908184335982178,243,4
150,4.753620101856054,244,1
480,4.74654918647494,244,2
2762,4.247673475833132,244,3
1240,4.005576364078854,244,4
377,3.7776382089568714,244,5
95,3.715033701125118,244,6
434,2.7712794459772816,244,7
8961,5.0,246,1
33794,4.876072459624937,246,2
50872,4.875344502724567,246,3
48774,4.87167535856173,246,4
4306,4.870441497918867,246,5
8874,4.7572790534055285,246,6
3578,4.707962732843829,246,7
5618,4.655223806628577,246,8
73017,4.623189022798197,246,9
72998,4.619336723924574,246,10
1704,4.665057239234138,247,1
778,4.49838890894231,247,2
8368,4.347976860729293,247,3
593,4.294399508645097,247,4
4011,4.120274005386035,247,5
46976,4.0125134589197655,247,6
55820,4.006898838347876,247,7
81845,4.000289179899039,247,8
7147,4.0,247,9
80463,4.0,247,10
1036,3.7521953256830978,248,1
1580,3.752009983336002,248,2
8360,3.6903745490735327,248,3
2571,4.916193137887245,249,1
1197,4.609841078880179,249,2
68157,4.5121158876196175,249,3
91658,4.504720768365975,249,4
4848,4.50112346371371,249,5
104841,4.50016994393731,249,6
141718,4.422898526363793,249,7
111362,4.417534671047978,249,8
78499,4.407875604222745,249,9
3949,4.405382558342492,249,10
2324,4.884086137338131,254,1
1625,4.8709382739559395,254,2
1704,4.702114304334611,254,3
593,4.674354290000408,254,4
3147,4.631526355359401,254,5
3114,4.626690369338418,254,6
3578,4.622566787221767,254,7
778,4.609001504180628,254,8
1193,4.596052501100347,254,9
6016,4.4977886417478565,254,10
1196,4.597073782940006,256,1
106782,4.383123808851538,256,2
63082,4.3778269059752875,256,3
4015,3.6135461065503076,256,4
1213,4.6389080715009205,260,1
3949,4.172061467685746,260,2
4979,4.124179250772101,260,3
3160,4.015948130651386,260,4
1732,3.8498239553387625,260,5
593,4.631453734732983,261,1
527,4.5083622060202275,261,2
293,4.495349923263564,261,3
2762,4.253199293539129,261,4
2959,4.189019327476169,261,5
508,3.279581083580274,262,1
527,2.7523358154633617,262,2
236,2.2544607195207766,262,3
11,2.2482947887179567,262,4
3114,4.51362678102959,263,1
3408,4.37896936335564,263,2
3994,4.124271527058534,263,3
5218,4.123299924906875,263,4
7153,4.030053187685768,263,5
356,4.011613856219233,263,6
265,4.0,263,7
2671,3.897293768923508,263,8
260,3.7815720776862007,263,9
337,3.766618745775785,263,10
3114,4.2432097893924245,264,1
2028,4.006417145983732,264,2
1210,4.999999999999999,265,1
1372,4.216681042782251,265,2
1127,4.003116040721691,265,3
1876,4.002487661196756,265,4
2762,4.002367378764858,265,5
1573,3.9864287109371808,265,6
1371,3.9735874191307876,265,7
356,3.7596185108506615,265,8
1320,3.7477289027827556,265,9
1387,3.7314757816108273,265,10
1884,4.999999999999999,266,1
1214,4.8368500290160865,266,2
1221,4.765417975375404,266,3
2571,4.752319194018042,266,4
47,4.608816421516487,266,5
260,4.498505867780936,266,6
3527,4.255654023744341,266,7
527,4.252808530672524,266,8
150,4.242945382013892,266,9
2502,4.1860582128743,266,10
260,5.0,267,1
1291,5.0,267,2
1200,4.751323098852321,267,3
2028,4.2878856478244085,267,4
1193,4.79394158456723,268,1
1089,4.026093045979922,268,2
2028,4.024658473854497,268,3
1198,3.6092650903812853,268,4
2628,3.517068461988254,268,5
3039,3.491830467118665,268,6
2302,2.266577547397855,268,7
1544,2.251526359798563,268,8
736,3.490149710009665,269,1
832,3.0188384044665146,269,2
25,4.238803286236517,270,1
6,3.007676958096545,270,2
832,2.5970276438986275,270,3
805,2.596528800939514,270,4
588,4.543989957109714,273,1
2,4.275352355806757,273,2
508,4.248580508802507,273,3
586,4.2443279451127145,273,4
377,4.235740847755262,273,5
110,4.0087852254561485,273,6
39,4.005500738181693,273,7
11,3.8090958182848533,273,8
356,3.7646099244980507,273,9
316,3.5059909934637496,273,10
6870,4.610304841149349,274,1
1625,4.497673285293939,274,2
74458,4.293129621196738,274,3
5669,4.289946113391717,274,4
318,4.269661407157239,274,5
4226,4.253281520549441,274,6
110,4.184401387472486,274,7
231,4.146386249171839,274,8
7147,4.098467950954519,274,9
1206,4.066597131870685,274,10
1276,5.000000000000001,275,1
6016,5.000000000000001,275,2
1203,5.0,275,3
1233,5.0,275,4
1263,5.0,275,5
1293,5.0,275,6
4027,4.759187151028615,275,7
2329,4.756969827263266,275,8
1207,4.750379544787205,275,9
1090,4.735524598144301,275,10
588,4.999999999999999,276,1
788,4.509786079429311,276,2
788,4.0,277,1
1580,4.6158855304099555,279,1
1214,4.502530484285223,279,2
1265,4.355713451931473,279,3
116797,4.320108413993202,279,4
106782,4.247292481895655,279,5
1266,4.244182348140132,279,6
2762,4.201071564663519,279,7
1197,4.1650641555840044,279,8
541,4.121678550586659,279,9
134853,4.108385872546578,279,10
4995,4.5,280,1
46578,4.222977162904525,280,2
588,4.0474326894660955,280,3
4886,4.023215214203853,280,4
8360,4.015298145350925,280,5
5218,3.870533078408275,280,6
30793,3.793414727354069,280,7
2,3.7761647072472426,280,8
8533,3.7505034212014197,280,9
5991,3.4538071746716543,280,10
1225,4.736032252974407,282,1
1097,4.621166730206363,282,2
1221,4.620643154497142,282,3
608,4.604166462225315,282,4
1246,4.600316155075022,282,5
778,4.505626088190325,282,6
541,4.496918868082801,282,7
2324,4.496258338558088,282,8
1394,4.492429514807275,282,9
47,4.490368416864258,282,10
364,4.999999999999999,284,1
34,4.756883671510085,284,2
597,4.74685158070976,284,3
780,4.739589977439035,284,4
587,4.405988790597481,284,5
253,4.193464192371867,284,6
288,4.177631728300346,284,7
593,3.9912834516954008,284,8
368,3.974364507914507,284,9
161,3.7313235478100086,284,10
2076,5.0,285,1
3949,5.0,286,1
2324,4.653035746258648,286,2
1704,4.629032110404443,286,3
3996,4.485534390953053,286,4
318,4.393518973023328,286,5
8360,4.2888444951214195,286,6
7153,4.2797037354209175,286,7
4886,4.141399269636395,286,8
586,3.9870526294985535,286,9
5445,3.2581865234518403,286,10
4641,4.277051696037496,287,1
778,3.866696916581309,287,2
3481,3.6372696741977233,287,3
3176,3.2663008070796415,287,4
1073,2.420503622172717,287,5
50,4.398584207061739,288,1
293,4.388720473753339,288,2
778,4.374745501831166,288,3
260,4.3285032742443175,288,4
4973,4.265443244096598,288,5
4641,4.259353577176347,288,6
1207,4.251952774920451,288,7
44191,4.251000912822773,288,8
48394,4.250423707123509,288,9
1203,4.227053680108251,288,10
111,5.0,290,1
1203,4.805000694253214,290,2
1247,4.802105413451734,290,3
920,4.755352476486377,290,4
1293,4.753916358148659,290,5
1207,4.605157006965585,290,6
750,4.591500762706712,290,7
1197,4.59117421539965,290,8
5060,4.494017699265895,290,9
953,4.492074953637699,290,10
4896,5.000000000000001,291,1
81834,4.999999999999999,291,2
68954,4.760747299086021,291,3
110102,4.219261817938555,291,4
98809,4.165240474040582,291,5
111362,4.250718648312148,292,1
89745,4.1714702518761,292,2
8665,4.120025382207116,292,3
648,4.116826910799,292,4
81564,4.002638683216596,292,5
1270,4.0,292,6
1527,4.0,292,7
1722,4.0,292,8
2617,4.0,292,9
2717,4.0,292,10
778,4.003095028504751,294,1
1291,3.7387642278916315,294,2
364,3.7036877208754597,294,3
2393,3.606329748426942,294,4
1968,3.51980343567365,294,5
223,3.514578181470107,294,6
2791,3.513658767038803,294,7
2716,3.493278775606899,294,8
2657,3.492468499936055,294,9
2150,3.355823193474468,294,10
608,4.752071262443142,295,1
2959,4.743946913981561,295,2
293,4.6316035237009,295,3
16,4.6249653911754045,295,4
7361,4.499999999999999,295,5
593,4.747396361450571,296,1
380,3.258231480956169,297,1
2329,4.014055195720061,298,1
2028,4.003612543068388,298,2
4262,4.000202925589744,298,3
780,3.9998078937727435,298,4
1258,3.992737112617099,298,5
858,3.8753695336918876,298,6
1198,3.8485726978424157,298,7
2762,3.808807508238628,298,8
541,3.8029120029772923,298,9
288,3.802592448898746,298,10
3147,4.373606259577186,301,1
318,4.365460926318039,301,2
593,4.307840147799311,301,3
7147,4.2441338287691766,301,4
4886,4.107928200370098,301,5
5218,3.899083591941026,301,6
7438,3.804315550331573,301,7
350,3.760377516220985,301,8
11,3.7593888269289106,301,9
357,3.748605699947184,301,10
1213,5.0,302,1
10,3.745155172856781,302,2
736,3.274263969260981,302,3
2762,5.0,303,1
2628,4.636421656090978,303,2
2916,4.634584562240306,303,3
1036,4.510751566955355,303,4
1198,4.25307723771056,303,5
3994,3.800315337272169,303,6
1356,4.816950955090698,304,1
1291,4.815245336178894,304,2
2791,4.7520009181522465,304,3
47,4.748450197445104,304,4
480,4.609201791020525,304,5
2916,4.51509261306336,304,6
1246,4.505085543061387,304,7
1371,4.44354872235894,304,8
339,4.248781118824823,304,9
919,4.244626377661651,304,10
1394,5.0,305,1
1193,4.9207217584376926,305,2
296,4.690671448841643,305,3
7361,4.662361071710359,305,4
912,4.62833136861478,305,5
2797,4.627819919550656,305,6
84152,4.620098313581347,305,7
1240,4.616945455398498,305,8
6539,4.601376124884279,305,9
3578,4.59786514663131,305,10
6377,3.1317814866310485,306,1
555,4.254122493241291,307,1
912,4.2006499017836925,307,2
47,4.179191047012674,307,3
3949,4.158448641585887,307,4
1276,4.008553530180018,307,5
4034,3.890948355386551,307,6
293,3.883751812745454,307,7
4027,3.86716758124806,307,8
2692,3.854866907895192,307,9
4973,3.837843164210687,307,10
4896,4.7768419833854985,308,1
59315,4.097326084724353,308,2
4306,3.7581014045838614,308,3
5952,3.6055093897335557,308,4
78499,3.2597714857186113,308,5
52722,2.742743110507805,308,6
1210,2.145989829143261,308,7
480,1.8662770388720256,308,8
593,1.862720024417445,308,9
4973,1.8492345189145694,308,10
1247,4.117665719228132,309,1
2858,3.5105760198737777,309,2
1266,4.661952450983159,312,1
541,4.601563380154285,312,2
1270,4.5058023681598875,312,3
1291,4.2745342167971545,312,4
2455,4.226962295102023,312,5
1101,4.00488660396715,312,6
2762,3.9801572638553453,312,7
2916,3.7659245112306063,312,8
2115,3.756686831414623,312,9
2094,3.7485693394605435,312,10
3702,4.77238019684641,313,1
1089,4.605912072146641,313,2
2329,4.517372399740142,313,3
1193,4.513300731842815,313,4
778,4.494424232978583,313,5
50,4.483603542311536,313,6
527,4.459811170246803,313,7
44,4.227739015236858,313,8
111,4.20436991530925,313,9
1206,4.203984348253117,313,10
440,3.411745703654081,314,1
34,3.336450047744225,314,2
2,3.2753523558067568,314,3
141,3.242975147923509,314,4
25,3.241231744612302,314,5
586,3.1967920977769753,314,6
339,3.020047304722359,314,7
474,3.0,314,8
19,2.9373637926757463,314,9
2393,2.8282710870725682,314,10
4226,3.8757839720342764,316,1
527,4.783731733652912,317,1
1221,4.756857594658915,317,2
912,4.736822386843201,317,3
296,4.673114577381044,317,4
903,4.4900170120810206,317,5
1206,4.471203493721091,317,6
480,4.2579697997806445,317,7
293,4.220130080706281,317,8
99114,4.018619624668474,317,9
3174,4.003371154937657,317,10
50,4.130709727198809,318,1
71535,4.128175219624527,318,2
4979,4.1270792450194245,318,3
1921,4.124769880871438,318,4
8949,4.119865955999497,318,5
778,4.118529708133514,318,6
588,4.002914320007638,318,7
111,4.0,318,8
92259,3.9904706813369755,318,9
597,3.9754721600842133,318,10
134130,3.8680129300597015,319,1
329,4.025408845593503,321,1
442,3.9995731611177723,321,2
434,3.8250052159665398,321,3
185,3.8226531567313873,321,4
110,3.8092587302082985,321,5
590,3.805172430375387,321,6
368,3.759164641615839,321,7
357,3.729953724384618,321,8
586,3.6075035527709525,321,9
34,3.512745730918603,321,10
593,4.153474970258391,322,1
527,4.119343145725612,322,2
2329,4.001399660515727,322,3
1704,3.806522866465644,322,4
4973,3.7524988097157226,322,5
2700,3.5050469483427102,322,6
1213,2.884070904516143,322,7
1923,2.6118593584521013,322,8
4034,1.5545670740242017,322,9
593,4.107292253045694,323,1
39,3.870678963078037,323,2
595,3.7788919568451753,323,3
47,3.521103647858344,323,4
586,3.3801070091064314,323,5
597,3.37072938555762,323,6
224,3.2625140703896984,323,7
590,3.261456414159378,323,8
589,3.2564139088191815,323,9
112552,3.227445343002625,323,10
750,5.0,325,1
163,3.7605364214094776,325,2
1035,3.5381447520215175,325,3
1552,2.7908191102181306,325,4
2144,2.7423398291367094,325,5
1704,4.493801203600552,326,1
296,4.0285787110675075,326,2
106782,3.9987763826323164,326,3
527,3.9256745967552953,326,4
6016,4.698993626128792,328,1
778,4.577043517624583,328,2
1580,4.495980033327997,328,3
541,4.490510025937548,328,4
1214,4.480559281373372,328,5
1617,4.415187856057597,328,6
2628,4.262096483447166,328,7
2054,4.2501857487861034,328,8
593,4.200972962780321,328,9
1266,4.165291256268058,328,10
8360,4.624780946292018,330,1
527,4.51105588855899,330,2
55820,4.494573566775665,330,3
2502,4.493958500230514,330,4
4878,4.396261889613353,330,5
6870,4.375658424483236,330,6
1307,4.370959946088583,330,7
4027,4.311221782236062,330,8
1682,4.285189883535676,330,9
30749,4.238399290857213,330,10
51255,4.66880653013882,331,1
109487,4.487307040974299,331,2
4878,4.236764553086382,331,3
4226,4.198474894531739,331,4
8376,3.92407139720521,331,5
44191,3.8631771774921213,331,6
3949,3.746703623303539,331,7
33166,3.742712249431463,331,8
8961,3.510340938797471,331,9
4022,3.248633666900489,331,10
2959,4.41408727295838,332,1
1704,4.401900168497343,332,2
1233,4.370972105702213,332,3
1198,4.364571730680092,332,4
924,4.340407894900806,332,5
260,4.24383841385211,332,6
2324,4.203291612456074,332,7
903,4.142707716888524,332,8
1219,4.133018836586781,332,9
7361,4.131736329711257,332,10
2028,3.9015307296406547,334,1
3114,3.8924540662803007,334,2
1197,3.878617353165395,334,3
1721,3.7956833278431543,334,4
1704,3.746362866683511,334,5
1200,3.7344148317755517,334,6
110,3.731057926122526,334,7
26662,3.638682894568007,334,8
1625,3.626449748847233,334,9
541,3.622054298753076,334,10
527,4.503327965394102,335,1
47,4.309391665188568,335,2
50,4.6423105003109955,336,1
733,5.0,337,1
762,3.9818700943693877,337,2
4963,4.764777109942073,339,1
111,4.758020771173899,339,2
4973,4.516120202841543,339,3
2329,4.492984319348138,339,4
1219,4.394997506038031,339,5
3994,4.38085059756888,339,6
1704,4.330036156961246,339,7
912,4.301227379965378,339,8
2571,4.299738017894065,339,9
431,4.243514893986536,339,10
590,4.60004025878115,340,1
377,4.521418504474449,340,2
380,4.509875868982661,340,3
32,4.401050950752186,340,4
593,4.242266915253473,340,5
329,4.2403116229190205,340,6
588,4.007243563811214,340,7
434,4.0,340,8
410,3.9999317226694675,340,9
225,3.7663668688917187,340,10
3948,3.6246040540477815,341,1
4973,5.0,343,1
7153,4.890398274739351,343,2
778,4.6236922037571695,343,3
47,4.5,343,4
608,4.306132965298516,343,5
1193,3.851767544425158,343,6
5618,3.248938489041587,343,7
1196,5.0,344,1
2324,4.193436661106738,344,2
1247,4.598546035265019,346,1
1089,4.009287403323655,346,2
586,3.783488720068761,347,1
32,3.7681743287380858,347,2
520,3.7366667981605386,347,3
589,3.5143482318360246,347,4
368,3.499675446894868,347,5
367,3.3510713625945403,347,6
349,3.1974708992183736,347,7
231,3.194427395053543,347,8
329,3.189739597255211,347,9
410,3.0000000000000004,347,10
1193,4.904373569666429,348,1
1089,4.866537546103501,348,2
2019,4.752149435798638,348,3
380,4.264302563053487,349,1
457,4.23710948165401,349,2
110,3.980663457717974,349,3
350,3.7449261210439606,349,4
508,3.508256462658233,349,5
2,3.4077403754972018,349,6
39,3.325148553548405,349,7
6,3.254035539789649,350,1
736,3.0000000000000004,350,2
318,4.385987829966742,351,1
74458,4.15394697107435,351,2
3578,4.0,351,3
2329,3.8763384823811697,351,4
4973,3.8643953487684835,351,5
1625,3.7582367094105558,351,6
63082,3.7369894646466526,351,7
33794,3.633064574050171,351,8
69122,3.6040270917532524,351,9
4226,4.881329613295361,352,1
778,4.743014164661227,352,2
293,4.516386352254654,352,3
116797,4.514515938467294,352,4
1193,4.4958217683135695,352,5
79132,4.2804023763644965,352,6
1704,4.264844470193996,352,7
115569,4.249409103037703,352,8
47099,4.177970511879349,352,9
109374,4.167738055176015,352,10
151,3.9546728835641582,353,1
153,3.8167019558502546,353,2
208,3.2628323239156183,353,3
317,3.2587044171158412,353,4
293,4.2942386751782,354,1
778,4.292854446910931,354,2
356,4.257832304324643,354,3
4226,4.25616090277723,354,4
6016,4.249800772680688,354,5
1213,4.22884756662542,354,6
48774,4.131520050969359,354,7
46578,4.129122714097132,354,8
223,4.125693346447296,354,9
4011,4.1223161614425745,354,10
7361,4.704862274376825,356,1
953,4.626119867765743,356,2
1278,4.507973802692686,356,3
1079,4.494916629133076,356,4
2791,4.485672849607348,356,5
4848,4.382250305415925,356,6
2324,4.287064359532248,356,7
2915,4.242200847860203,356,8
48394,4.1833510580062425,356,9
1639,4.1526217969210375,356,10
1203,4.87581647244419,357,1
1193,4.601576368872626,357,2
1288,4.597879667559509,357,3
1028,4.593130231643477,357,4
527,4.489491862882889,357,5
1278,4.375214463831605,357,6
2791,4.25387732547804,357,7
5816,4.2384129751432935,357,8
1380,4.218927821565093,357,9
47,4.214993303023759,357,10
318,3.8921690151042405,359,1
110,3.6338579364741963,359,2
2762,2.764093142976959,359,3
6942,3.856775407674689,361,1
6378,3.515377560835575,361,2
6934,3.22868869744075,361,3
296,3.110004958475638,361,4
2951,4.756102624881764,362,1
858,4.63011509901437,362,2
4011,4.62852459184581,362,3
4226,4.621115390699682,362,4
778,4.576455283926406,362,5
527,4.503531472323069,362,6
3949,4.500000000000001,362,7
1466,4.494393527572952,362,8
4993,4.4761318597029955,362,9
55820,4.3975199966907095,362,10
6,3.7482746473183615,364,1
780,3.253905082576567,364,2
63082,3.6382111905045362,365,1
35836,3.5000000000000004,365,2
1246,3.4025616998318062,365,3
59784,3.3857789894761465,365,4
6378,3.2342248792851724,365,5
4022,3.1536636637622366,365,6
57669,3.1398133133842037,365,7
60069,3.0966531933363157,365,8
48516,3.0022446751212635,365,9
76093,2.9999960478493652,365,10
2571,4.373635048456556,366,1
5952,4.282955592314465,366,2
4878,4.005387296903949,366,3
33794,3.9009062590089174,366,4
99114,3.8515540284725662,366,5
1917,4.748520500008465,367,1
919,4.48677235756241,367,2
2005,4.402998632770279,367,3
1197,4.376110068271409,367,4
2791,3.9933702405338867,367,5
1394,3.7601330410282565,367,6
2324,4.378410039578756,368,1
318,4.337641736902337,368,2
1203,4.230465652077008,368,3
1266,4.218772998391186,368,4
778,3.9856237271290555,368,5
590,3.7966395634636436,368,6
1258,3.796302222826961,368,7
223,3.7498075447987294,368,8
1387,3.7455359957300782,368,9
1206,3.742958220617429,368,10
2329,4.0085612169821,369,1
1197,3.6256711135502426,369,2
1080,3.4983321151611495,369,3
6870,3.370915336531936,369,4
3578,4.374329789661796,370,1
5952,4.282955592314465,370,2
527,4.23088328124455,370,3
32,4.1246818138145835,370,4
7147,3.9995956851993606,370,5
1625,3.9956797995795053,370,6
4973,3.9847502488141546,370,7
4720,3.8923252626587987,370,8
4034,3.88345235744454,370,9
8360,3.8736686640475453,370,10
1193,5.0,372,1
1617,4.515768058069229,372,2
1036,4.38188694608713,372,3
288,4.270413838795329,372,4
185,4.016870323998211,372,5
1220,4.014044165163625,372,6
1266,4.001144358445626,372,7
780,3.999613504568428,372,8
480,3.9919801491896765,372,9
17,3.7617554121819596,372,10
293,4.517943674832663,373,1
595,4.065701331384508,373,2
588,4.053331571983182,373,3
39,3.7335057610124323,373,4
780,3.620905172388757,373,5
272,3.258322357888494,373,6
10,3.1873208785722906,373,7
597,3.124832915680129,373,8
457,3.0066710759527133,373,9
497,2.7742142127665272,373,10
4963,4.634304384143369,376,1
924,4.393850531001813,376,2
2355,4.375669138628361,376,3
3578,4.257081829299629,376,4
2918,4.254638551137508,376,5
1036,4.194629985040565,376,6
1625,4.131497642836754,376,7
1,4.118390221621913,376,8
58559,4.117502521127547,376,9
592,4.1136544968769755,376,10
58559,4.612374962912931,378,1
6539,4.375257320350513,378,2
454,4.196172789560978,379,1
357,4.1838843988196865,379,2
300,3.985924514612082,379,3
589,3.80888815991012,379,4
225,3.773110297702644,379,5
350,3.7507019925012033,379,6
588,3.7500030817917613,379,7
329,3.660108112824508,379,8
593,3.5407016537440947,379,9
368,3.4993886580533107,379,10
116823,5.0,380,1
1198,4.9219050330345455,380,2
520,4.8054514306493665,380,3
2194,4.800527273326455,380,4
31658,4.8001904152028745,380,5
1148,4.797630091746993,380,6
2502,4.794058054275608,380,7
3702,4.77238019684641,380,8
141718,4.758376345718418,380,9
48516,4.67019011045583,380,10
81834,4.53359212418964,381,1
3578,4.498622597722069,381,2
1784,4.382653731446929,381,3
6874,4.370398938775099,381,4
4973,4.365163787703473,381,5
6350,4.3604603059343665,381,6
1625,4.267835409641436,381,7
3147,4.252643662233443,381,8
6502,4.205468707024008,381,9
4896,4.179038476533756,381,10
296,4.875368116325935,382,1
1270,4.870820663684712,382,2
68954,4.763577101846095,382,3
91529,4.758012519042341,382,4
260,4.636564469124455,382,5
88125,4.4153517794664525,382,6
112852,4.237086830933499,382,7
30793,4.128658637260086,382,8
5377,4.114195542440728,382,9
122892,3.9956678261862786,382,10
924,4.598222029690292,385,1
111,4.502929996993872,385,2
1214,4.485353765313474,385,3
1089,4.407202065551785,385,4
110,4.323038877099021,385,5
2791,4.249148299366728,385,6
1291,4.244917363499824,385,7
1266,4.243617389277961,385,8
1584,4.237774936130819,385,9
1610,3.982020640705795,385,10
527,3.735293017353036,386,1
356,3.2424560756842298,386,2
165,2.79916856748657,386,3
553,2.7433881032144116,386,4
95,2.7285407557005232,386,5
736,2.7168038846147704,386,6
150,2.59804673716702,386,7
442,2.167131179896162,386,8
315,2.0123209748780195,386,9
454,2.009304360634652,386,10
1293,4.373244014886637,387,1
1225,4.293994889565719,387,2
288,4.252715748780581,387,3
2788,4.210325094058182,387,4
2959,4.19345540667219,387,5
527,4.184899480947498,387,6
1233,4.138173401559033,387,7
3468,4.129454561356998,387,8
555,4.112660885471097,387,9
3362,4.1016033108327825,387,10
786,3.8330432557800904,389,1
7,3.755389304559991,389,2
1252,5.000000000000001,391,1
923,5.0,391,2
1203,4.748195020213384,391,3
1207,4.733482222029002,391,4
2470,4.525367970382691,391,5
6016,4.507362454463282,391,6
2144,4.505422164019925,391,7
2321,4.501941908251347,391,8
920,4.498701398171411,391,9
1625,4.4088490458292044,391,10
68954,5.000000000000001,393,1
3949,5.0,393,2
7361,5.0,393,3
8961,5.0,393,4
60069,4.999999999999999,393,5
48774,4.804549197977361,393,6
32587,4.785634035420003,393,7
8874,4.757693190712657,393,8
48516,4.752823789365649,393,9
2692,4.74922734939257,393,10
592,3.0,394,1
588,2.4788412093653056,394,2
442,3.658317322235515,395,1
32,3.4999533252727932,395,2
587,3.499734245850816,395,3
539,3.418717383957084,395,4
150,3.3988561679683658,395,5
19,3.253468541223288,395,6
357,3.2065596633735334,395,7
457,3.2032140526488693,395,8
362,3.0201493036089073,395,9
344,3.0,395,10
260,4.912045147376431,399,1
2028,4.903995204630778,399,2
318,4.712349263012932,399,3
47,4.407526229791134,399,4
6539,4.397826445710371,399,5
4226,4.336622870883746,399,6
1,4.296118332028481,399,7
1721,3.770225626685071,399,8
648,3.5001213327703917,399,9
527,4.876255987413392,400,1
296,4.875368116325935,400,2
2028,4.763104120917055,400,3
37729,3.6205968487097047,401,1
7147,3.499999999999999,401,2
45517,3.2495223509913997,401,3
10,4.757090660637014,402,1
368,4.75325866118751,402,2
34,4.752954055459718,402,3
539,4.744124266477053,402,4
32,4.493995219113394,402,5
592,4.492554014189807,402,6
110,4.485167388917697,402,7
648,4.2716947931290195,402,8
50,4.631852028238772,403,1
150,3.8360877002043168,404,1
589,3.759504401677313,404,2
39,3.753164052210672,404,3
595,3.7086800693725093,404,4
454,3.6757815917938452,404,5
593,3.64380544741773,404,6
586,3.6052690088333863,404,7
300,3.6034797412293096,404,8
592,3.5159309529705087,404,9
585,3.497243872742554,404,10
924,4.3748667628821325,405,1
6016,4.250146659604041,405,2
2858,4.249505362765692,405,3
1466,4.134789509173079,405,4
778,3.99106339830741,405,5
3578,5.0,407,1
4226,5.0,407,2
48774,4.740634500335764,408,1
48516,4.702119868798853,408,2
3421,4.498819863419474,408,3
1197,4.49687046535677,408,4
1270,4.484950636452637,408,5
2028,4.252930975057641,408,6
1203,5.000000000000001,409,1
1207,4.796515320166284,409,2
608,4.758466544446331,409,3
50,4.741801771155767,409,4
953,4.521398353105088,409,5
2791,4.512344968604523,409,6
920,4.263933178848306,409,7
923,4.2497745138932865,409,8
527,3.7802872138010746,409,9
1639,2.9628774620767246,410,1
593,4.608583178758083,411,1
318,4.531110410151619,411,2
277,4.26062160658045,411,3
300,4.172131032670138,411,4
588,4.004752143991505,411,5
586,3.8017037278336914,411,6
2,3.773526996474024,411,7
32,3.768447589478718,411,8
196,3.7416266255087858,411,9
317,3.503948422050094,411,10
1259,4.7179066476072835,412,1
111,4.492764118316082,412,2
1213,3.9880713560282106,412,3
1258,3.7557867617711125,412,4
50,4.880336117064846,413,1
608,4.872070243643659,413,2
2324,3.9046591318311807,413,3
1193,3.8218633199654115,413,4
1219,5.0,414,1
1263,5.0,414,2
1266,5.0,414,3
1196,4.804142089110344,414,4
527,4.8016617793923055,414,5
1203,4.65826103784546,414,6
7153,4.643547225076627,414,7
4973,4.620981475459548,414,8
1258,4.603878447367823,414,9
2858,4.595367770969355,414,10
527,5.0,415,1
912,4.8678356207855735,415,2
50,4.803794144045044,415,3
1704,4.74607395971147,415,4
4973,4.633332999455968,415,5
293,4.493673405498922,415,6
110,4.297678965653082,415,7
593,3.270756851946704,416,1
1704,3.0108784453130295,416,2
4226,2.7898662401402534,416,3
4993,1.5829630345367556,416,4
6377,0.8650279130529644,416,5
4226,4.999999999999999,417,1
2028,4.879447899495576,417,2
3147,4.872589585350927,417,3
293,4.6290725595049445,417,4
50,4.510932844639049,417,5
527,4.507269376933821,417,6
778,4.476325301666126,417,7
608,4.195724438741194,417,8
54001,4.186092750057185,418,1
1213,4.7556486973163565,419,1
608,4.51758843052302,419,2
527,4.417955705837563,419,3
2324,4.354757639598177,419,4
293,4.304261065424544,419,5
1193,4.280062137989801,419,6
4011,4.253049498408007,419,7
2329,4.021182510714794,419,8
589,3.973482929818836,419,9
1625,3.8686676247687757,419,10
4226,4.300816478111747,420,1
593,4.240771069459293,420,2
1220,4.13842699636291,420,3
2959,4.133441474034075,420,4
2324,4.06748106026831,420,5
8961,4.000596272379091,420,6
3114,3.877430616773252,420,7
33794,3.8764344941982474,420,8
3949,3.8738027067204723,420,9
48774,3.748039399126884,420,10
593,4.746809902144332,423,1
480,4.627394094983787,423,2
527,4.229640855222416,424,1
7361,3.756185388449642,424,2
4878,3.619944294052742,424,3
2321,3.5,424,4
33794,3.301002394265886,424,5
51662,3.132334963768319,424,6
163,4.238671315391259,425,1
6870,3.8735328969477916,425,2
32,3.8039111049906493,425,3
778,3.8032052641896787,425,4
357,3.800784019337427,425,5
4973,3.776906059303501,425,6
4284,3.7644466178317515,425,7
5218,3.754599994603836,425,8
1,3.744457633230442,425,9
4022,3.737588224323365,425,10
81834,4.789927355608669,426,1
39,4.620983387342071,426,2
41566,4.487898408796517,426,3
7147,4.236705438474603,426,4
5218,4.110348405673684,426,5
597,4.082176226444451,426,6
356,3.8861794308424265,426,7
6539,3.102785122886204,426,8
3949,4.251654745435233,428,1
7361,4.203934646150446,428,2
4226,3.8969317153167102,428,3
2291,3.8031089631410193,428,4
1625,3.755157855617147,428,5
2324,3.641397218111231,428,6
1704,3.506214099081812,428,7
318,3.499557250503873,428,8
1198,3.3956244575848435,428,9
3147,3.3798638059049226,428,10
454,4.438174573866828,429,1
153,4.41821628904898,429,2
253,4.222697341354051,429,3
160,3.9855741484899996,429,4
442,3.985206535752106,429,5
1375,3.3077064948129915,430,1
1376,3.1303082644960285,430,2
150,4.3776765357596,432,1
39,4.238465189630505,432,2
586,4.230477728393411,432,3
357,4.204628660189249,432,4
3555,4.025581030803811,432,5
588,3.952091193519977,432,6
34,3.87410920016754,432,7
2324,3.8714647876055412,432,8
8665,3.8341018212753766,432,9
2028,3.821940219928007,432,10
318,4.148690972110096,433,1
68157,2.9804978871572976,433,2
2324,4.874838150577606,434,1
4973,4.782909054135679,434,2
2858,4.756623627528216,434,3
1610,4.6101051696512965,434,4
1198,4.602042440428855,434,5
1625,4.513869032479593,434,6
79132,4.508847963079901,434,7
4848,4.502810322237733,434,8
1266,4.498789317915522,434,9
48394,4.47492593490071,434,10
6874,4.653903750724667,435,1
34,3.9894631726386605,436,1
110,3.9781764189593147,436,2
21,3.8106706150365186,436,3
357,3.747507786226273,436,4
236,3.7419478654985325,436,5
296,3.7391280862517897,436,6
2,3.6233371800669816,436,7
11,3.5885792041726807,436,8
10,3.507762320737694,436,9
39,3.401773660571455,436,10
593,4.41435222657268,437,1
288,3.9999439344697016,437,2
1,3.7429635539229946,437,3
7,2.984605189996305,437,4
260,4.563144155372401,438,1
1291,4.510689382088785,438,2
44665,4.504169513800094,438,3
593,4.385833527208782,438,4
3751,4.380791112387548,438,5
32587,4.261434596559421,438,6
367,4.175306494041866,438,7
3555,4.173554810687184,438,8
368,4.137957447407377,438,9
2268,4.128713296366912,438,10
6539,4.502795391595683,439,1
3578,4.87949467628429,441,1
293,4.7456238324469275,441,2
318,3.7834580973090772,441,3
4226,4.363717463365469,443,1
293,4.2554139721558455,444,1
32,4.016512386702486,444,2
150,3.99911107911138,444,3
588,3.801953057059407,444,4
364,3.7807813057356356,444,5
316,3.5084424766988778,444,6
457,3.499423494127062,444,7
377,3.4917649895881198,444,8
2,3.2392609518294413,444,9
442,2.964303821976492,444,10
593,3.8836318167854644,445,1
150,3.8681369147316373,445,2
318,4.1670481124716305,446,1
509,3.985928422187199,446,2
110,3.8003394634766186,446,3
6,3.591196046445232,446,4
282,3.5742385670204957,446,5
736,3.415206395556684,446,6
150,3.2039673282948655,446,7
474,3.0000000000000004,446,8
19,3.0,446,9
592,2.992063298582731,446,10
527,4.507269376933821,447,1
47,4.506940544265879,447,2
595,4.037327179781477,447,3
39,3.9855295733028644,447,4
19,3.9367993418184137,447,5
34,3.8309284840720452,447,6
161,3.803014184206311,447,7
474,3.758100938932372,447,8
185,3.7577575862340407,447,9
300,3.738492078865055,447,10
3362,4.875719306991434,448,1
3681,4.783553663437598,448,2
1197,4.74402380199603,448,3
1247,4.61303628583754,448,4
1193,4.524901493703477,448,5
2949,4.425511780928438,448,6
1222,4.404887252266912,448,7
55820,4.375834874790491,448,8
1079,4.334643944747766,448,9
293,4.260966806105184,448,10
141,4.2434086541333995,451,1
2502,5.000000000000001,452,1
32,5.0,452,2
1213,5.0,452,3
1278,5.0,452,4
1288,5.0,452,5
733,4.808677436848824,452,6
2324,4.78335624670766,452,7
2542,4.767339856315756,452,8
2763,4.760271466782284,452,9
1784,4.758696704787961,452,10
110,5.000000000000001,453,1
293,5.0,453,2
223,4.999999999999999,453,3
2959,4.80557356401576,453,4
480,4.755285797830648,453,5
592,4.73827021952947,453,6
2692,4.58769674805952,453,7
2724,4.513806679359437,453,8
1584,4.506093454962475,453,9
500,4.501959932959028,453,10
1617,4.135084873045629,454,1
903,4.042580880200206,454,2
750,3.999324208918595,454,3
296,4.245076096120443,455,1
508,4.0,455,2
11,3.9926583857282805,455,3
339,3.786395743952772,455,4
474,3.7771060155647183,455,5
553,3.7528671309477195,455,6
21,3.7364438864426766,455,7
236,3.7018063777547128,455,8
110,3.599205160330035,455,9
368,3.499675446894868,455,10
141,3.9996581958914987,456,1
788,3.8251758577641164,456,2
1372,3.8523278740301157,457,1
2393,3.84776753617926,457,2
454,4.796455746259577,458,1
434,4.493267320855201,458,2
39,4.488535678673562,458,3
11,4.484274399269415,458,4
588,4.382153880817659,458,5
586,4.369038546747884,458,6
34,4.324804728366613,458,7
368,3.9994823515781146,458,8
585,3.9977048506219304,458,9
357,3.8253073104056665,458,10
4226,4.747651968936861,460,1
3147,4.620495567008925,460,2
50872,4.502321634204227,460,3
1721,4.37015361997772,460,4
8360,4.300229141769458,460,5
8874,4.264813106842985,460,6
6874,4.249634946684287,460,7
6378,4.243569253293227,460,8
4896,4.133070137958082,460,9
5349,4.099583220289062,460,10
1207,4.50816561971386,462,1
912,4.4978266980463735,462,2
1203,4.492673789038201,462,3
903,4.2630029781908965,462,4
1193,4.237060455501954,462,5
1204,3.9190602519847104,462,6
2329,3.8769091079919886,462,7
1293,3.754889408206504,462,8
1732,3.7456402538343787,462,9
1197,3.7009580546911347,462,10
2028,5.0,464,1
3147,5.0,464,2
50,4.797260915567612,464,3
608,4.744654353987646,464,4
3996,4.626416987853192,464,5
1193,4.526978153587477,464,6
1089,4.504381020625112,464,7
150,4.401699182943465,464,8
1,4.3771652310066935,464,9
589,4.356377092563502,464,10
903,5.000000000000001,465,1
1247,5.0,465,2
1258,4.999999999999999,465,3
318,4.7655425656296675,465,4
1094,4.747774715006492,465,5
1266,4.522080579865661,465,6
1101,4.0,465,7
1552,3.75263675301862,465,8
1291,3.728998629170627,465,9
81834,4.592227990930683,466,1
8368,4.532689416022918,466,2
72998,4.376646211930106,466,3
96610,3.998128526105068,466,4
111362,3.8867330172126535,466,5
4226,3.8804143308294883,466,6
5445,3.7465817331136853,466,7
6333,3.740712550019792,466,8
4995,3.678162226662679,466,9
91529,3.6150915517072324,466,10
356,3.706054552978295,468,1
339,3.51717106340247,468,2
329,3.0247538708431634,468,3
344,2.986618176394536,468,4
454,2.706580239293825,468,5
315,2.6044911872877217,468,6
2019,5.000000000000001,469,1
111,4.84027935591592,469,2
541,4.839268933596395,469,3
778,4.798716534502985,469,4
1266,4.791246638401931,469,5
4027,4.760263011465732,469,6
903,4.75501098809483,469,7
1203,4.6716989539574065,469,8
1293,4.597083868710579,469,9
1617,4.523662826064002,469,10
357,4.341491221127312,470,1
480,4.341185321137575,470,2
368,4.2588400885107065,470,3
593,4.1556807879761335,470,4
440,4.004383887464258,470,5
11,4.000647710201985,470,6
586,4.0,470,7
47,3.9667215944853265,470,8
185,3.853178651002293,470,9
329,3.844461598016859,470,10
318,3.732362364922903,471,1
6874,3.6239764423788317,471,2
7438,3.4999999999999996,471,3
4306,3.40208449546344,471,4
1193,5.000000000000001,472,1
953,4.633912009734413,474,1
52722,4.487602251302363,474,2
912,4.400639122549666,474,3
1269,4.355530143948009,474,4
56367,4.332270663397202,474,5
1259,4.331378508808293,474,6
7153,4.320446856844977,474,7
50,4.25212378070636,474,8
5378,4.2386995554069475,474,9
6333,4.201862738647523,474,10
2011,5.0,475,1
2628,5.0,475,2
1036,4.871306269085235,475,3
1210,4.846949144822716,475,4
5445,4.801751707297995,475,5
2762,4.7447765660575545,475,6
41566,4.740862727022485,475,7
7153,4.734863827246203,475,8
134853,4.623926265518826,475,9
4963,4.6218807437957015,475,10
593,4.446550794841849,476,1
110,4.337186758121826,476,2
21,3.9890165343319115,476,3
595,3.8818863508053147,476,4
185,3.7920111448738614,476,5
282,3.7763415856157647,476,6
367,3.613804410908845,476,7
225,3.502229038961877,476,8
316,3.4942044370593943,476,9
539,3.3515827688276887,476,10
110,4.708287144522339,477,1
1266,4.697744328305119,477,2
1704,4.621691612039408,477,3
1199,4.608521270705612,477,4
293,4.5696387501985845,477,5
480,4.510571595661297,477,6
68954,4.506770898479272,477,7
38061,4.505087032743677,477,8
1206,4.498910133775926,477,9
63082,4.492890790895129,477,10
4321,3.4981454214142045,479,1
1270,3.468009489824717,479,2
953,4.493970458578821,480,1
1246,4.426437744229787,480,2
2324,4.404681442710117,480,3
920,4.3809162548264275,480,4
2791,4.29843083796949,480,5
2144,4.260535799081004,480,6
2076,4.247187977224975,480,7
1220,4.244965418094964,480,8
1089,4.240991257786118,480,9
924,4.197090180316791,480,10
1393,3.7520449377159646,482,1
4878,4.880346950079944,483,1
7099,4.610815597991606,483,2
7147,4.5938163171154125,483,3
74458,4.516624708475921,483,4
91529,4.489979477393743,483,5
6350,4.427483651067524,483,6
4027,4.41447963679064,483,7
2502,4.40409257547626,483,8
8950,4.383346359878161,483,9
2959,4.381135937053881,483,10
2018,5.0,484,1
616,4.903735808504715,484,2
3034,4.883124272841287,484,3
1282,4.873052892953115,484,4
1704,4.873036979855735,484,5
1367,4.4061967863469365,484,6
50,4.382302760187844,484,7
293,4.361618925833884,484,8
55765,4.099452060558537,484,9
44191,3.995106045278146,484,10
434,5.0,485,1
454,4.803827210439022,485,2
110,5.0,486,1
527,4.508293856255476,486,2
786,4.469641288610301,486,3
588,4.009579316155756,486,4
410,4.007935288678449,486,5
367,3.761485216137615,486,6
349,3.7419252844057658,486,7
3949,3.8722046638721714,487,1
4993,3.7879208579902377,487,2
4226,3.6280674060241127,487,3
46578,3.5321570544306464,487,4
5989,3.0999120168116097,487,5
3578,2.8680696222862805,487,6
4306,4.679811780038405,488,1
48385,4.374942600030685,489,1
4878,4.347110410130671,489,2
1625,4.301374146919432,489,3
91529,4.247569812986781,489,4
78499,4.244304903237256,489,5
4973,4.212527475360994,489,6
2329,4.204743158916845,489,7
1252,4.133175844404941,489,8
1219,4.132544255228247,489,9
57669,4.129133227319952,489,10
47,3.8792096925197,490,1
318,3.8656599813727306,490,2
68157,3.7565477823664826,490,3
48516,3.499810003764037,490,4
40815,2.7880541012919666,490,5
8368,5.0,491,1
88163,3.5737593321042675,491,2
889,4.49818656147783,492,1
786,4.130373024077804,492,2
25,3.6066480890026638,492,3
706,3.4236618644011054,492,4
802,2.9999999999999996,492,5
1210,4.267540736136711,493,1
1196,4.265835223550491,493,2
1127,3.7518102236845174,493,3
2985,3.7457760868714725,493,4
260,4.7943515810898605,494,1
5669,4.87300917017393,495,1
106782,4.758755614095652,495,2
4878,4.636539638084934,495,3
76093,4.61742255150428,495,4
2502,4.491930128623441,495,5
33794,4.352488372833942,495,6
520,4.128488434396763,495,7
180,3.861954923041121,495,8
3578,3.8258826009467017,495,9
4226,3.4165864455377903,495,10
60069,3.3238104914809807,497,1
527,3.2509850661132966,497,2
4226,3.1157235583625478,497,3
3578,2.6076915052010397,497,4
593,4.487514046951285,498,1
225,4.203676130030548,498,2
329,3.468263955232049,498,3
165,3.1855011908679383,498,4
253,2.8074529173585683,498,5
1917,4.497958316914962,500,1
500,2.9846419812373157,500,2
376,4.010157657191364,501,1
141,3.501253868860614,501,2
50,4.598758879331252,503,1
1208,4.375333491986032,503,2
47,4.264421727099464,503,3
778,4.247808053945737,503,4
2329,4.126706132237636,503,5
6016,3.869234482288063,503,6
2324,3.6993920133810994,503,7
1704,3.6205504765049037,503,8
1258,3.5948840130584108,503,9
3949,3.254166920605114,503,10
3408,4.00026646107913,504,1
6539,4.0,504,2
380,3.7576653021777955,507,1
10,3.7497041639324262,507,2
592,3.509436313883581,507,3
590,3.2532483326641635,507,4
296,3.2518457162793086,507,5
329,3.2403116229190205,507,6
5952,4.1140698512577325,509,1
6350,3.6735513973830503,509,2
5218,3.669904939475121,509,3
4027,3.6277791253328187,509,4
48516,3.622543387970047,509,5
8874,3.6189609962673837,509,6
7438,3.5801879607659597,509,7
4995,3.5070779502545983,509,8
33794,3.499502115607331,509,9
1688,3.4007758748639234,509,10
1219,4.127453520413913,510,1
1221,4.03786771163205,510,2
608,3.8761068907014162,510,3
1968,3.620119795412134,510,4
3578,5.0,511,1
116797,4.622079678553958,511,2
109374,4.496408646898398,511,3
106782,4.3007019479748925,511,4
293,4.517943674832663,512,1
21,4.012743705316977,512,2
10,4.0083100396793085,512,3
34,3.8237221923453877,512,4
357,3.8087355543553754,512,5
368,3.7464167857073587,512,6
592,3.618303784560571,512,7
440,3.6014073296849785,512,8
11,3.5196379788666476,512,9
266,3.50970941755723,512,10
356,4.514170981544862,513,1
4993,3.5699819778763717,513,2
260,4.438584747705113,514,1
527,4.255124579046662,514,2
1997,4.251463334232815,514,3
1246,4.248642028131335,514,4
1225,4.243570170790105,514,5
318,4.241705261790529,514,6
1220,4.237738324063804,514,7
64614,4.237524060434585,514,8
3702,4.151542234201497,514,9
110,4.0911809683766025,514,10
68954,5.0,515,1
39,4.136235938490235,517,1
1022,3.807871780054679,517,2
539,3.7744069743510416,517,3
2,3.755159247310623,517,4
2080,3.7179334972563973,517,5
40815,3.669328475335289,517,6
915,3.6467416524779517,517,7
48,3.524995736061078,517,8
1028,3.4128422251824833,517,9
81834,3.355652882138566,517,10
63082,4.492363633881959,519,1
1196,4.7409036637452315,520,1
1210,4.503221645036734,520,2
1704,4.2633243435393275,520,3
1387,4.260835497103199,520,4
3527,4.240776250481386,520,5
1127,4.222673612355977,520,6
2115,4.189107417090285,520,7
50872,4.128588574657883,520,8
5502,3.988824727288874,520,9
1573,3.886056700371712,520,10
141,4.0,521,1
376,3.7317678714308373,521,2
494,3.2386794750852554,521,3
74458,4.759705039518685,522,1
527,4.599136842472505,522,2
2791,4.596839605510373,522,3
2762,4.499179939919051,522,4
1198,4.498672911730298,522,5
7438,4.378482187632583,522,6
1206,4.365476072848552,522,7
47,4.221986136378749,522,8
1203,4.123280294242099,522,9
260,4.0327956406888195,522,10
4226,4.867386972671265,523,1
7099,4.688522750046294,523,2
26662,4.60683105811918,523,3
590,4.512939158719338,524,1
457,4.490694542009261,524,2
1036,4.016314145880605,524,3
480,3.998539064141301,524,4
376,3.9846277524737896,524,5
1610,3.9834981540276533,524,6
296,3.3845849812648026,524,7
733,3.238639572918299,524,8
288,3.0547800259210733,524,9
44,2.6840418621479007,524,10
4027,4.305515338102095,525,1
2791,4.302819383735513,525,2
1278,4.299431766908087,525,3
4034,4.291958337548322,525,4
2692,4.248454895441809,525,5
1291,4.247380389629439,525,6
4848,4.126147519313141,525,7
296,4.116458320869566,525,8
99114,4.01022705373915,525,9
2028,4.006942857177932,525,10
1580,4.760189005836083,527,1
3471,4.758786304998084,527,2
1036,4.744606173481842,527,3
1197,4.739894052586786,527,4
2699,4.531377049415124,527,5
3552,4.260206853193827,527,6
1375,4.256602282529382,527,7
2797,4.251095429412371,527,8
1,4.244792493958237,527,9
648,4.227545871675004,527,10
480,4.502259493127792,528,1
47,4.4748590876449335,528,2
33794,3.8716982633995487,528,3
8874,3.5,528,4
6,4.265544629136708,529,1
357,4.409257320378497,530,1
480,4.256770479253009,530,2
21,4.007119671587172,530,3
236,3.992547080134439,530,4
34,3.988129028850829,530,5
185,3.741243424311441,530,6
585,3.4949487233644843,530,7
151,3.4940139957431384,530,8
368,3.234642589114276,530,9
2858,5.0,532,1
2762,4.758825382211321,532,2
1625,4.7568661583977185,532,3
1258,4.7492832247873045,532,4
1101,4.370503595380058,534,1
1704,4.369873802619035,534,2
648,4.256266096494891,534,3
3578,4.199758451849244,534,4
3147,4.128971829350244,534,5
3996,4.126009974089077,534,6
4226,4.123276883974636,534,7
2193,4.120683560280149,534,8
588,4.120529080053741,534,9
5989,4.099267474867345,534,10
590,4.746751667335836,536,1
161,3.7900119044418696,536,2
380,3.730746779883138,536,3
377,2.8171908057008155,536,4
3578,4.497024866611743,537,1
48,4.503834536394291,538,1
7147,4.364431635871247,539,1
6874,4.751996442945745,540,1
293,4.747919227266705,540,2
2571,4.633507857651874,540,3
32,4.381486414293826,540,4
150,4.755558124316915,541,1
110,4.514808789622832,541,2
161,4.016539329360294,541,3
597,4.001468952374561,541,4
500,3.9824352849922446,541,5
593,3.7147448345024046,541,6
10,3.651662192394186,541,7
39,3.5974499569474028,541,8
296,3.587839240088645,541,9
34,3.2240603571614037,541,10
1704,4.877615527049623,542,1
3578,4.741989160392758,542,2
4878,4.400054084743474,542,3
6377,4.3618949571743375,542,4
2502,3.6605790735646293,542,5
53322,3.359083042089938,542,6
4720,2.871797005874823,542,7
4011,2.86943283902589,542,8
1721,5.0,543,1
588,4.445755833889957,543,2
91529,4.78950242398159,550,1
111759,4.624107179676267,550,2
99114,4.489925193116126,550,3
98809,4.477848411468974,550,4
102445,4.244410334899105,551,1
68954,4.134394625264284,551,2
4963,4.128607361616447,551,3
527,4.125349583415504,551,4
91529,4.122334808783786,551,5
32,4.002522270761515,551,6
480,4.000669650834139,551,7
78499,4.0,551,8
111759,3.876824291409172,551,9
8665,3.802618415674281,551,10
1079,4.264640969791538,552,1
2706,3.4834962781267658,552,2
1193,4.843369408829932,553,1
1206,4.470115793110667,553,2
3578,4.239401509648062,553,3
1203,5.000000000000001,554,1
2762,5.0,554,2
912,4.016967560944592,554,3
858,5.0,555,1
1200,5.0,555,2
1221,4.999999999999999,555,3
1923,4.999999999999999,555,4
527,4.835180261808986,555,5
47,4.813505122378892,555,6
608,4.799607924415106,555,7
1580,4.793125997645179,555,8
2396,4.754118617441691,555,9
2167,4.751412592533206,555,10
5816,4.274048446545526,556,1
81834,4.186111187803319,556,2
40815,4.128860890300291,556,3
2762,3.524129133750498,557,1
788,4.016701570081799,559,1
586,3.9721827867171005,559,2
593,3.746735367493607,559,3
597,3.639525066342327,559,4
32,3.6199998511077873,559,5
494,3.5395254425117466,559,6
590,3.497844707815181,559,7
410,3.1981865310508955,559,8
350,3.194771400365891,559,9
231,3.1939378353396153,559,10
2858,4.254423446714343,560,1
1206,4.242533376839517,560,2
6016,4.122924998346839,560,3
1625,4.120994902617157,560,4
1210,4.111706316496803,560,5
8874,4.00240278726803,560,6
4262,4.000079806757926,560,7
608,4.0,560,8
1221,4.0,560,9
1266,4.0,560,10
1101,4.499314835777333,561,1
1266,4.4919753350151375,561,2
1307,4.364173765316131,561,3
2470,4.307482644632537,561,4
3421,4.268576410212867,561,5
223,4.256296225220245,561,6
1136,4.25519274934307,561,7
55820,4.247879205315927,561,8
1215,4.23725497190027,561,9
778,4.209324015468719,561,10
47,4.766181950633113,562,1
293,4.752838815327676,562,2
1573,4.593470156400193,562,3
3114,4.472549773284228,562,4
110,4.3905489856683895,562,5
8360,4.27681245367669,562,6
2640,4.255829749502704,562,7
1200,4.21709111403012,562,8
2762,4.2125834885211715,562,9
2324,4.15312927566988,562,10
1380,4.372203732510724,563,1
4308,3.4684496987300197,563,2
8533,3.3767926910216985,563,3
7149,3.254847641259952,563,4
76293,2.634797832754211,563,5
5110,3.860175887014838,564,1
58998,3.0884267639820484,564,2
318,4.738022033957696,566,1
47,4.721510611479763,566,2
593,4.480192930236673,566,3
589,3.997595373609281,566,4
350,3.847622844834042,566,5
474,3.7497043048870307,566,6
185,3.66479073729082,566,7
282,3.5792706272479973,566,8
440,3.5085116972788852,566,9
288,3.4983232650538825,566,10
115713,3.9001752040960977,567,1
91529,3.419081747955681,567,2
122904,3.2619225379361243,567,3
122920,3.11281244864133,567,4
6539,3.0996559687789307,567,5
98809,3.000955382429051,567,6
122886,2.999213761922073,567,7
139385,2.887866666287548,567,8
91500,2.741100645624625,567,9
96610,2.645509294143176,567,10
457,3.985916563343263,569,1
588,3.6187910501158695,569,2
2324,4.117307862878162,570,1
4973,4.1168941584842065,570,2
110,4.0,570,3
593,3.990872461524138,570,4
1210,3.9100226491775607,570,5
4963,3.8892120049804397,570,6
3793,3.8819048231659044,570,7
5378,3.881398833373254,570,8
5952,3.880832652437074,570,9
6365,3.878246333856024,570,10
1219,5.0,572,1
1207,4.758492031534037,572,2
903,4.758126174284644,572,3
923,4.75596440823809,572,4
1617,4.751674083535755,572,5
2076,4.7509765487835285,572,6
1094,4.742166784596352,572,7
541,4.601156553368168,572,8
1197,4.492316459176149,572,9
1246,4.285116359905336,572,10
2571,5.0,573,1
2716,4.883835914573144,573,2
106782,4.882930439023675,573,3
73017,4.875759487077798,573,4
35836,4.874321371301345,573,5
1270,4.872982942792538,573,6
778,4.867251877447307,573,7
32,4.8395550028357235,573,8
1036,4.831545757834658,573,9
1221,4.803443679362866,573,10
356,4.256213564972328,574,1
590,4.242290773518912,574,2
434,3.75900588605247,574,3
253,3.74642412076809,574,4
150,4.499473621784854,577,1
1196,4.399327725581589,577,2
1089,4.245354262553708,577,3
2716,3.9831443792513572,577,4
589,3.7855775078138674,577,5
1387,3.76568220341545,577,6
1208,3.754051659802534,577,7
3698,3.519303764809514,577,8
3471,3.492519929739536,577,9
1214,3.479533747737289,577,10
586,4.758890065965037,579,1
2,4.531693279109682,579,2
594,4.199454579836656,579,3
46976,4.8741924847275975,580,1
555,4.7352519171499265,580,2
48394,4.704853443924754,580,3
288,4.625748946308124,580,4
2762,4.613357716542686,580,5
3578,4.597544271927021,580,6
3949,4.588463204778274,580,7
6365,4.507298693983707,580,8
8874,4.5064481368332325,580,9
3996,4.500871371745242,580,10
4878,4.629415005016736,581,1
6539,4.500000000000001,581,2
3578,4.248659579323591,581,3
1721,4.247635668472602,581,4
81834,4.511815555170164,582,1
78499,4.391495076799615,582,2
111759,4.373497643344299,582,3
106782,4.304352372663059,582,4
98809,4.1319842091388885,582,5
292,4.8034558555605855,584,1
48,4.765032115499987,584,2
553,4.759307054656376,584,3
368,4.75325866118751,584,4
296,4.738408339157569,584,5
434,4.61714767796166,584,6
10,4.6091929077210665,584,7
11,4.558056598955762,584,8
21,4.40323561501185,584,9
588,4.377944480522347,584,10
50,4.875192861173889,585,1
608,4.873377030065716,585,2
1193,4.762331307729703,585,3
778,4.61438098249227,585,4
1206,4.38412497833361,585,5
3555,5.000000000000001,586,1
4993,4.999999999999999,586,2
8636,4.8806741799387625,586,3
115617,4.868852517535134,586,4
112175,4.763255378459759,586,5
2628,4.747397026129821,586,6
5349,4.7377711527832576,586,7
1240,4.6297820068160975,586,8
110102,4.627721451623428,586,9
6934,4.598848597070977,586,10
357,4.599570800747938,587,1
930,3.7637649268002935,587,2
293,3.9883608121320564,588,1
474,3.7832445259448804,588,2
329,3.727166876140371,588,3
377,3.599790728533403,588,4
32,3.2709651909794566,588,5
10,3.0132825505463416,588,6
588,2.9999999999999996,588,7
315,2.9911046840767783,588,8
367,2.804097729775867,588,9
153,2.780381456376666,588,10
527,5.0,589,1
339,3.7418656919544317,589,2
750,4.665486579645083,590,1
6145,4.4878497010295995,590,2
1183,4.305861193052388,590,3
110,4.291501421924815,590,4
260,4.24026132403422,590,5
594,4.169247939400847,590,6
1307,4.13690789337018,590,7
5060,4.130359738261509,590,8
2791,4.128407865907172,590,9
1225,4.092693307146246,590,10
1917,4.491096100259833,591,1
47,4.72640889019983,592,1
32,4.599338606955267,592,2
48,4.517549334499733,592,3
527,4.492730623066179,592,4
10,4.3911752280247685,592,5
34,4.337576415280265,592,6
357,4.187439030254522,592,7
208,4.017691902049222,592,8
165,4.006869918720066,592,9
300,3.995444482492818,592,10
2028,4.359774502699188,593,1
296,4.24591321859775,593,2
47,3.8788290848822786,593,3
39,3.392445775105591,593,4
597,3.2784606242925562,593,5
1307,3.2448372025239327,593,6
1917,2.245507603297749,593,7
40815,2.1713752475947623,593,8
5218,1.741066156816549,593,9
832,5.0,594,1
500,4.903063415654448,594,2
539,4.888774122818879,594,3
2724,4.859399144769543,594,4
231,4.7495276162465325,594,5
32,4.748275265845103,594,6
10,4.746412734175699,594,7
368,4.6254123707643,594,8
2115,4.612890943763248,594,9
34,4.5986464565157865,594,10
139385,4.381318312116264,596,1
106489,4.006192832556506,596,2
3949,3.91012370771061,596,3
1625,3.9064829841532305,596,4
48394,3.88113622111829,596,5
99114,3.880661210545209,596,6
109487,3.876489624248953,596,7
318,3.8752116205560023,596,8
1371,3.8683204100538306,596,9
164179,3.8618797487831436,596,10
150,5.0,597,1
1094,5.0,597,2
1230,5.0,597,3
1293,5.0,597,4
1358,5.0,597,5
1200,4.786834684972803,597,6
1077,4.7799703544506205,597,7
1242,4.7566909316853865,597,8
1203,4.751138456554657,597,9
1266,4.7500503407234405,597,10
924,4.82840309478821,599,1
2858,4.421919252644449,599,2
293,4.411086921557809,599,3
608,4.350615427426538,599,4
2712,4.315544415181948,599,5
4226,4.175813419645355,599,6
1201,4.147495331957219,599,7
3703,4.0964463103316975,599,8
1258,4.095914420579532,599,9
4848,4.075847971866821,599,10
26776,4.6878979349518195,600,1
7099,4.686202391977274,600,2
6711,4.371051894974681,600,3
4979,4.248344582163038,600,4
2076,4.147367671268219,600,5
3421,4.130578992422144,600,6
1213,4.117908175579366,600,7
7153,4.0557004926630364,600,8
4027,4.007186117880261,600,9
50,4.003448169070878,600,10
6539,5.0,601,1
58559,4.902191927655021,601,2
91529,4.8714561262739755,601,3
4993,4.788360875197649,601,4
8360,4.741600075170765,601,5
68157,4.519926536321843,601,6
3147,4.505288423492642,601,7
68358,4.385234154683889,601,8
5418,4.250736068506686,601,9
73017,4.124714043097542,601,10
589,4.585281738005793,602,1
356,4.5125927468473455,602,2
377,4.186420072835181,602,3
272,3.7706335267442213,602,4
736,3.7566067357153896,602,5
236,3.5931096644327756,602,6
17,3.497571807587307,602,7
585,3.497243872742554,602,8
588,3.295799598952903,602,9
485,3.2561695039629535,602,10
1204,5.000000000000001,603,1
111,5.0,603,2
1207,5.0,603,3
750,4.999999999999999,603,4
903,4.999999999999999,603,5
1269,4.762880565957043,603,6
541,4.761315326230036,603,7
50,4.757902790942837,603,8
953,4.75700218492935,603,9
2391,4.727302359997839,603,10
160,3.7782105909760837,604,1
225,3.7215121532064392,604,2
349,3.507920265709698,604,3
161,3.504595164934175,604,4
7,3.4643475246640687,604,5
485,2.9832672817678323,604,6
231,2.9563407195957407,604,7
520,2.7369847068765187,604,8
88125,3.804928700872875,605,1
81834,3.792250678768233,605,2
40815,3.6704971972156573,605,3
5218,3.601929791419129,605,4
364,3.4058058448585875,605,5
56757,2.7522431140582704,605,6
1266,4.752225669196535,606,1
608,4.629286711017999,606,2
923,4.623547565199649,606,3
3949,4.607853838251154,606,4
1617,4.603531712865941,606,5
4011,4.600807215997151,606,6
1213,4.485759024359054,606,7
1222,4.423400794800352,606,8
1207,4.380718716612248,606,9
1625,4.332548789048533,606,10
2324,4.56671249341532,607,1
356,4.38693937298518,607,2
380,4.259690675427015,607,3
589,4.176502523051003,607,4
648,4.011932626092724,607,5
3039,4.000499579208163,607,6
1573,3.9984312237587782,607,7
50,3.9930707534456378,607,8
1653,3.9690198553319975,607,9
1291,3.7651671615360605,607,10
2028,4.509935267795428,608,1
38061,4.491367324797763,608,2
2324,4.396285891462716,608,3
431,4.387425590317311,608,4
49272,4.378517932501855,608,5
4973,4.294251631636694,608,6
48774,4.259663571087075,608,7
8641,4.231179892293265,608,8
6711,4.199205420868675,608,9
48394,4.197368632530051,608,10
150,3.6047685247214667,609,1
300,3.499279275106406,609,2
589,3.244709627371146,609,3
349,3.1967408342531205,609,4
225,3.0,609,5
1101,4.999999999999999,610,1
1625,4.902595309894498,610,2
1617,4.901414877091583,610,3
1219,4.900287966750833,610,4
1573,4.899673508680867,610,5
1266,4.897317598933058,610,6
1198,4.891810622883344,610,7
1201,4.89077685055137,610,8
1252,4.876278631681458,610,9
1387,4.86866662330095,610,10
